,game_id,white_player,black_player,winning_player,move_list
0,IxgcuAMI,ruchitoshniwal1,Username54321,Username54321,d4 d6 Nf3 Nf6 Bg5 c6 c4 Qa5+ Nc3 Bg4 e3 Bxf3 Qxf3 Qxg5 g3 Nbd7 Bg2 e5 dxe5 dxe5 Qe2 Bd6 O-O O-O-O Rfd1 Bc7 Rd2 h5 Rad1 h4 Ne4 Nxe4 Bxe4 hxg3 fxg3 f5 Bg2 f4 exf4 exf4 gxf4 Qxf4 Rf1 Qxh2+ Kf2 Rhf8+ Ke1 Rde8 Kd1 Rxe2 Rxe2 Rxf1+ Bxf1 Qh5 Ke1 Bg3+ Kd2 Qg5+ Re3 Nc5 Bh3+ Kc7 Bf1 Bf4 Ke2 Bxe3 Kd1 Qd5+ Ke1 Qd2#
1,U6QJVSi6,piotrex,ruchitoshniwal1,ruchitoshniwal1,d4 d5 Nf3 Nf6 c4 c5 dxc5 e6 cxd5 exd5 Nc3 Bxc5 e3 Nc6 Bb5 Bg4 h3 Bh5 O-O O-O a3 a6 Bxc6 bxc6 b4 Bb6 g4 Bg6 Ne5 Bc7 Nxc6 Qd6 Nd4 Ne4 Nxe4 Qh2#
2,ErC4K1Ps,ANONYMOUS,ruchitoshniwal1,ANONYMOUS,e4 e5 Nf3 Nc6 Nc3 Nf6 Bb5 Bc5 Bxc6 dxc6 d4 exd4 Nxd4 Bxd4 Be3 c5 Bxd4 cxd4 Ne2 c5 O-O O-O c3 Bg4 cxd4 cxd4 Qxd4 Bxe2 Qxd8 Raxd8 Rfe1 Rd2 e5 Ng4 f3 Nxe5 Kf2 Bc4+ Ke3 Rxb2 Kd4 f6 Rxe5 fxe5+ Kxc4 Rc8+ Kd5 Rd2+ Kxe5 Re8+ Kf4 Rd4+ Kg3 h5 f4 Re3+ Kh4 g6 Rb1 Rxf4+ Kg5 Rd4 Rxb7 Re5+ Kh6 Kf8 Rb8+ Kf7 Rb7+ Ke6 Rxa7 Kf6 Ra6+ Re6 Rxe6+ Kxe6 Kxg6 Rd5 Kg7 Ke7 Kg6 Re5 Kg7 Rg5+ Kh6 Kf6 Kh7 Rg7+ Kh6 Rg5 Kh7 Kf7 Kh6 h4 Kxg5
3,waSRX000,ANONYMOUS,ruchitoshniwal1,ruchitoshniwal1,e4 e5 d4 Nc6 Nf3 Nf6 Nc3 exd4 Nxd4 Bc5 Nxc6 bxc6 Na4 Nxe4 Be3 Bxe3 fxe3 Qh4+ Ke2 Qf2+ Kd3 d5 Qd2 Qxd2#
4,MX85BjR4,ruchitoshniwal1,ANONYMOUS,ruchitoshniwal1,e4 e5 Nf3 Nc6 Bc4 Nf6 Nc3 Bb4 a3 Bxc3 dxc3 Nxe4 Qe2 f5 O-O a6 Bd5 Qf6 Bxe4 fxe4 Qxe4 b5 Bg5 Qg6 Qe2 d5 Nxe5 Nxe5 Qxe5+ Qe6 Qxg7 Rg8 Qxh7 Rxg5 Rfe1 Qxe1+ Rxe1+ Kf8 Re7 Rg8 Qf7#
5,ytJthWwK,ruchitoshniwal1,JoanJL,ruchitoshniwal1,d4 d5 Nf3 Bf5 c4 c6 Nc3 Nf6 Qb3 Qd7 Ne5 Qc7 cxd5 Nbd7 dxc6 bxc6 Qxf7+ Kd8 Nxd7 Qxd7 Qc4 e6 e3 a6 Bd3 Bxd3 Qxd3 Bb4 Bd2 Bxc3 Qxc3 Nd5 Qc2 g6 Rc1 Rf8 O-O a5 Qxc6 Qxc6 Rxc6 Rc8 Rxc8+ Kxc8 Bxa5 Nf6 Rc1+ Kb7 Bb4 Rf7 h3 Ne4 f3 Nf6 Kf2 Nd7 Ba5 Nb6 Bxb6 Kxb6 b4 Ra7 Rc2 Ra4 Rb2 Kb5 e4 Kc4 Ke3 Kc3 Rb3+ Kc4 b5 Rxa2 b6 Ra8 b7 Rb8 Rb1 Kc3 Kf4 Kxd4 g4 Kc5 Ke5 Kc6 Kxe6 Re8+ Kf7 Rb8 Kg7 Kd6 Kxh7 Ke5 Kxg6 Kf4 Kf6 Kxf3 e5 Kg3 e6 Kxh3 e7 Kxg4 Kf7 Kf5 e8=Q Rxe8 Kxe8
6,raT0vfV4,hemanths2023,ruchitoshniwal1,hemanths2023,e4 d5 exd5 Qxd5 Nc3 Qa5 Nf3 Nf6 Bd3 e6 O-O Bb4 a3 Bxc3 bxc3 O-O a4 c5 c4 Nc6 Bb2 Qb4 Ba3 Qxa4 Bxc5 Qa5
7,rmIL9uHC,ruchitoshniwal1,churiwalhardik,ruchitoshniwal1,e4 d6 Nf3 Be6 h3 Bc8 Bc4 c5 O-O Na6 d3 Nb4 a3 Qa5 axb4 Qxb4 Ra4 Qxa4 Ng5 Qxc4 dxc4 Bxh3 Qf3 Bc8 Qxf7+ Kd8 Qxf8+ Kc7 Nc3 Be6 Nxe6+ Kb6 Na4+ Ka6 Nc7+ Ka5 Qxa8 Nf6 Qxa7+ Kb4 c3+ Kxc4 Nb6+ Kb3 Bd2 Nxe4 Qa4+ Kxb2 Nc4#
8,FyveMDn5,MrunmayHosalli1_2005,ruchitoshniwal1,ruchitoshniwal1,e4 e5 Nc3 Nf6 Nf3 Nc6 g3 Bc5 Bg2 O-O O-O d6 a3 b6 Rb1 Ba6 Re1 Nd4 d3 Ng4 b4 Bxb4 Rxb4 Nxf3+ Qxf3 Bc8 d4 a5 Rb3 exd4 Nd5 c6 Nxb6 Rb8 Nxc8 Qxc8 Rxb8 Qxb8 Qxg4 Qb1 Rf1 Qxc2 Bh6 g6 Bxf8 Kxf8 Qh4 Kg7 Qg5 f6 Qc1 Qb3 Qxc6 Qxa3 Qc7+ Kh6 Rd1 Qb3 Rxd4 Qb1+ Bf1 Qa1 Qxd6 Qxd4 Qxd4 a4 Qxa4 f5 exf5 Kh5 f6 Kg5 f7 Kf5 f8=Q+ Ke5 Qa1+ Kd5 Qe1 Kd4 Qf7 Kc5 Qxh7 Kd4 Qxg6 Kd5 h4 Kd4 h5 Kd5 h6 Kd4 h7 Kc5 h8=Q Kd5 f4 Kc5 f5 Kd5 f6 Kc5 f7 Kd5 f8=Q
9,W9lYCVmJ,ruchitoshniwal1,MrunmayHosalli1_2005,MrunmayHosalli1_2005,e4 e5 Nf3 Nc6 Bc4 Nf6 Nc3 g6 d3 Bg7 O-O O-O h3 a6 a3 d6 Re1 Re8 Bg5 Nd4 Nxd4 exd4 Ne2
10,oES6h58e,ANONYMOUS,ruchitoshniwal1,ruchitoshniwal1,e4 e5 Bc4 Nf6 Nc3 Bc5 d3 O-O Nf3 Nc6 Bg5 h6 Bxf6 Qxf6 Nd5 Qd8 O-O d6 c3 Bd7 d4 exd4 cxd4 Bb6 Nxb6 cxb6 Qd3 Qf6 Rac1 Qg6 Nh4 Qf6 Nf3 a6 e5 dxe5 dxe5 Qe7 Bd5 Nxe5 Nxe5 Qxe5 Rfe1 Qg5 Bxb7 Rad8 Qe3 Qg6 Be4 Bf5 Rc6 Qg4 f3 Qh4 Bxf5 Rde8 Qxe8 g6 Rxg6+ fxg6 Qe6+ Rf7 Qxg6+ Kf8 Qd6+ Kg7 Be6 Rf6 g3 Qg5 f4 Qg4
11,7KvqXPhn,ANONYMOUS,ruchitoshniwal1,ANONYMOUS,g4 d5 Bg2 c6 h3 Na6 d4 e6 Nc3 Nf6 Nf3 Bb4 a3 Bxc3+ bxc3 h6 Ne5 Rf8 Qd3 Nd7 h4 f6 Qg6+ Ke7 Nd3 Nc7 Bf4 Ne8 e4 h5 exd5 exd5 Kd2 Ke6 gxh5 b5 Rhe1+ Ne5 Bxe5 Kd7 Bf4 Nd6 a4 Kc7 axb5 cxb5 Bxd5 Bb7 Nb4 Bc6 Be6 Bd7 Qxg7 Re8 Ra6 Qe7 Nd5+ Kb7 Rb6+ Kc8 Nxe7+ Rxe7 Qxe7 Kc7 Qxd6+ Kd8 Rb8+ Rxb8 Qf8+ Be8 Qxf6#
12,b4aAWCCd,ruchitoshniwal1,ANONYMOUS,ANONYMOUS,e4 e5 f3 c6 d3 Bc5 Nh3 d6 Nc3 b5 Bg5 Qa5 Qe2 Nd7 Bd2 Qc7 O-O-O Ne7 Ng5 b4 Na4 a5 c3 h6 a3 bxc3 bxc3 hxg5 Kc2 Ba6 Rb1 Rb8 Ra1 Qb7 Qd1 Qb3+ Kc1 Bxa3+ Rxa3 Qb1#
13,P555hGjC,ruchitoshniwal1,ANONYMOUS,ANONYMOUS,g4 d5 Nc3 Nf6 Bh3 b6 d3 Nbd7 e3 Nc5 e4 e6 exd5 Bd6 Bf4 Ba6 Qe2 Bxf4 Ne4 Nxd3+ Kd1 Nxb2+ Ke1 Bxe2 Kxe2 Nxe4 Rb1 Nc3+ Kf1 Qxd5 Nf3 Qxf3 Rxb2 Qd1+ Kg2 Qd3 a4 Ne2 f3 Rd8 Kf2 Qd2 g5 Bg3+ Kg2 Nf4+ Kf1 Qd1#
14,7a40ZWAa,ruchitoshniwal1,ANONYMOUS,ruchitoshniwal1,e4 e5 Nf3 Nc6 Bc4 d6 O-O Nf6 d3 Bg4 h3 d5 exd5 Nxd5 hxg4 g5 Re1 Bg7 Bxg5 Qb8 Bxd5 O-O Nc3 Kh8 Nh2 e4 Nxe4 a5 Nf6 a4 Qf3 Qa7 Qh3 h5 Qxh5+ Bh6 Qxh6#
15,KBhdhLEl,Vedkahate,ruchitoshniwal1,Vedkahate,d4 d5 g3 Nc6 Bg2 Bf5 Nf3 Nf6 O-O g6 Ne5 Bg7 Bd2 Nxe5 dxe5 Ng4 Bf3 Bxe5 Bg5 h6 Qxd5 Qxd5 Bxd5 Rb8 Rd1 Bxb2 Nd2
16,rTOK17Cj,vahinp,ruchitoshniwal1,ruchitoshniwal1,e4 e5 Nf3 Nc6 Nc3 Bc5 Bc4 Nf6 O-O h6 Nxe5 Nxe5 Bb3 O-O Nd5 Nxe4 Qe2 Qh4 Nc3 Ng4 Nxe4 Qxh2#
17,eCyzq783,Saahiljuthani,ruchitoshniwal1,ruchitoshniwal1,e4 e5 Nf3 Nc6 Bc4 Nf6 O-O Bc5 d3 O-O Bg5 h6 Bd2 d6 Nc3 a6 h3 b5 Bb3 Bd7 d4 exd4 Ne2 Qe7 c3 dxc3 bxc3 b4 cxb4 Nxb4 a3 Nc6 Nc3 Rab8 e5 dxe5 Re1 Rfe8 Nxe5 Nxe5 Na4 Bxa4 Bxa4 Qd6 Bb4 Re7 Rc1 Bxb4 axb4 Qxb4 Rb1 Qxe1+ Qxe1 Nf3+ gxf3 Rxe1+ Rxe1 Nh5 f4 Nxf4 h4 Nh3+ Kf1 Rb2 Kg2 Nf4+ Kg3 g5 Bd1 Rb1 f3 c5 h5 Nxh5+ Kg4 Nf6+ Kf5 Kg7 f4 gxf4 Kxf4 c4 Rf1 c3 Kg3 Rb6 Kh3 Rc6 Kg2 c2 Bxc2 Rxc2+ Kh3 Ne4 Kg4 Rc4 Kf3 Rc3+ Kg2 Nd6 Kg1 Rc4 Kf2 Rc3 Kg1 Rc2 Kh1 Rc4 Kg1 Rg4+ Kh1 Rh4+ Kg1 Re4 Kh1 Re3 Kg1 Rd3 Kh1 Rd2 Kg1 Rc2 Kh1 Rc3 Kg1
18,MbItVB35,ruchitoshniwal1,ANONYMOUS,ruchitoshniwal1,e4 e5 Nf3 f6 Bc4 b5 Bb3 a5 O-O a4 Bd5 c6 Bxg8 Rxg8 d3 f5 exf5 e4 dxe4 b4 Bg5 b3 cxb3 axb3 Bxd8 bxa2 Nc3 Ra3 Bg5 Rxc3 bxc3 Ba6 Rxa2 Ba3 Rxa3 Bxf1 Kxf1 Na6 Ne5 Nc5 Ra8#
19,NRwSjkH0,ruchitoshniwal1,ANONYMOUS,ruchitoshniwal1,e4 Nf6 Nc3 e5 Nf3 Nc6 Bc4 Be7 O-O h5 d3 d6 h3 O-O Be3 b6 a3 Ba6 Bxa6 Na5 b4 c5 bxc5 dxc5 Nh4 g5 Bxg5 b5 Qf3 Qd7 Qg3 Rfb8 Bxf6+ Kf8 Qg7+ Ke8 Qg8+ Bf8 Nd5 Qc6 Bg7 Qd6 Bxf8 Qd8 Be7+ Kd7 Bxd8 Nc6 Qxf7+ Ne7 Qxe7+ Kc6 Qc7#
20,8uMzzVUj,Y-a-s-h123,ruchitoshniwal1,ruchitoshniwal1,d4 d5 e3 Nf6 Bd3 e6 Nf3 c5 c3 Nc6 Ne5 Bd6 f4 Bxe5 fxe5 Ne4 Nd2 Nxd2 Bxd2 cxd4 exd4 O-O O-O f5 exf6 Rxf6 Rxf6 Qxf6 Qh5 g6 Bg5 Qxd4+ cxd4 gxh5 Rf1 Bd7 Bf6 Rf8 Rf3 Kf7 Be5+ Ke8 Rxf8+ Kxf8 Bd6+ Kg7 Be5+ Nxe5 dxe5 h6 Kf2 Be8 b3 Bg6 Ke3 Bxd3 Kxd3 Kg6 h4 Kf5 Kd4 b6 b4 Kg4 a4 Kxh4 a5 Kg3 b5 Kxg2 axb6 axb6 Ke3 h4 Kf4 h3 Kg4 h2 Kh5 h1=Q+ Kg6 Qe1 Kf6 Qb4 Kxe6 Qxb5 Kd6 Qc5+ Ke6 Qe3 Kf6 Qxe5+ Kxe5 h5 Kxd5 h4 Kc6 h3 Kxb6 h2 Kc5 h1=R Kd4 Re1 Kd3 Kf3 Kd2 Re3 Kc2 Ke2 Kc1 Rd3 Kc2 Ke3 Kc1 Rd2 Kb1 Kd3 Kc1 Kc3 Kb1 Rc2 Ka1 Rh2 Kb1 Kb3 Kc1 Kc3 Kb1 Rg2 Ka1 Kb3 Kb1 Rg1#
21,MBMeFjDa,ruchitoshniwal1,Y-a-s-h123,ruchitoshniwal1,d4 d5 Nf3 e6 Bf4 f5 e3 Nf6 c4 c6 Nc3 Bd6 Ne5 Nbd7 h4 Ng4 Nxg4 fxg4 Qxg4 Qf6 Bxd6 e5 Qh5+ g6 Bxe5 gxh5 Bxf6 Nxf6 Be2 Rg8 g3 Bg4 Bxg4 hxg4 O-O-O h5 cxd5 cxd5 Rhe1 Rc8 Kb1 a6 e4 Kf7 Nxd5 Nxd5 exd5 Rgd8 Re5 Re8 Rde1 b5 Rxe8 Rxe8 Rxe8 Kxe8 Kc2 Kd7 Kd3 Kd6 Ke4 a5 b3 a4 bxa4 bxa4 a3 Kd7 Kf5 Kd6 Kg5 Kxd5 Kxh5 Kxd4 Kxg4 Kc3 h5 Kb3 h6 Kxa3 h7 Kb2 h8=Q+ Kb3 Qb8+ Ka2 Qb4 a3 f4
22,j8iEeDPh,ANONYMOUS,ruchitoshniwal1,ANONYMOUS,Nf3 Nc6 Nc3 e5 e4 Nf6 d4 exd4 b3 Bc5 Na4 O-O Bd2 d6 Bc3 h6 Bb2 Bb4+ c3 dxc3 Nxc3 Bxc3+ Bxc3 Nxe4 Bb2 Qe8 Be2 Na5 Bd3 Nc3+ Kf1 Nxa2 Rxa2 Nxb3 Qxb3 Qd8 Qc3 Be6 Qxg7#
23,kVnIs3Vq,ANONYMOUS,ruchitoshniwal1,ruchitoshniwal1,e4 e5 Qf3 Nf6 Qg3 d6 Qe3 Nc6 Qe2 Be7 Nf3 O-O Ng5 h6 Nxf7 Rxf7 Qd1 a6 Bc4 b5 Bxf7+ Kxf7 Nc3 Nd4 Nxb5 Bf5 c3 axb5 cxd4 exd4 exf5 Ng4 Kf1 h5 h4 Bf6 g3 c6 f3 Ne5 Qe1 d3 Qd1 Qb6 Qe2 Re8 Qxd3 Nxd3 Rg1 Qf2#
24,9ohYqLGK,ruchitoshniwal1,ANONYMOUS,ruchitoshniwal1,e4 e5 Nf3 Nf6 Nc3 Nc6 Bc4 Bc5 O-O O-O d3 d6 Bg5 Bg4 h3 h6 Bd2 Bd7 Qe2 Qe7 a3 a6 b4 b5 bxc5 bxc4 cxd6 cxd3 cxd3 cxd6 Nd5 Nd4 Nxe7+ Kh7 Qe3 Ng4 hxg4 Bxg4 Nh4 Ne6 Nhf5 Nd8 Nxh6 gxh6 Qxh6#
25,jTpLXA1h,ANONYMOUS,ruchitoshniwal1,ruchitoshniwal1,Nh3 e5 Ng5 Nf6 Nf3 Bc5 Nxe5 Qe7 Nd3 O-O Nxc5 Qxc5 Nc3 d6 Nb5 Qxb5 c4 Qe5 Qc2 Bg4 Rb1 Re8 Qd3 Nc6 Qa3 Bxe2 Qg3 Bxf1+ Qe3 Qxe3+ Kxf1 Qe1#
26,hmJlHIe4,ruchitoshniwal1,ANONYMOUS,ruchitoshniwal1,e4 e5 Nf3 c5 Bc4 b6 O-O Bb7 d3 Na6 h3 Qe7 Bg5 f6 Bh4 g5 Bxg5 Bg7 Nc3
27,cD6pt8z3,ANONYMOUS,ruchitoshniwal1,ruchitoshniwal1,e4 e5 Nf3 Nc6 Nc3 Bc5 h3 Nf6 a4 d6 d3 O-O b3 a6 Ba3 Bxa3 Rxa3 Be6 Be2 h6 h4 b5 axb5 axb5 Nxb5 Rxa3 Nxa3 Qa8 Nc4 Bxc4 dxc4 Qa5+ Nd2 Nxe4 f4 Ra8 g3 Nd4 c3 Qxc3 O-O Qe3+ Rf2 Nxd2 Kh2 Qxf2+ Kh3 Ne4 f5 Qxg3#
28,CSMKPjEu,ruchitoshniwal1,ANONYMOUS,ruchitoshniwal1,e4 e5 Bc4 Bc5 Nf3 Qe7 O-O c6 d3 Na6 Nc3 b6 h3 Bb7 Re1 Rd8 a3 f6 Bxa6 Nh6 b3 Bxa6 b4 Bd6 Bb2 O-O b5 cxb5 a4 bxa4 Nxa4 Bb8 Qd2 Qe8 Nh4 Bc7 Qc3 Qe7 Qxc7 Qb4 Reb1 Qxe4 dxe4 Rf7 Qxd8+ Rf8 Qxd7 g6 Qe6+ Kg7 Nc3 g5 Nd5 Kh8 Nf5 Nxf5 Qxf5 Rg8 Qxf6+ Rg7 Qf8+ Rg8 Qe7 Rg6 Bxe5+ Rg7 Qxg7#
29,WtiR5umK,ruchitoshniwal1,Pranav_Datta,ruchitoshniwal1,e4 e5 Nf3 d6 Bc4 Bg4 h3 Bxf3 Qxf3 Nf6 O-O Be7 d3 O-O Nc3 Nc6 Be3 d5 exd5 Nxd5 Nxd5 Nd4 Qg3 Nxc2 Bh6 g6 Qxe5 Nxa1 Qg7#
30,8GnRZR4R,ruchitoshniwal1,ANONYMOUS,ANONYMOUS,e4 e5 Nf3 Nc6 Bc4 f6 O-O Nh6 Bf7+ Nxf7 d3 b6 Nc3 Nh6 Nd5 g5 Ne7 Qxe7 h3 Ba6 Bd2 O-O-O Qc1 Qg7 h4 Re8 hxg5 fxg5 Nxe5 Bd6 Bxg5 Qxe5 Bxh6 Qh2#
31,jtexRiF3,ANONYMOUS,ruchitoshniwal1,ruchitoshniwal1,c4 e5 e3 d6 e4 d5 cxd5 Nc6 Qe2 Bc5 Qb5 Nf6 Qe2 Nxe4 Qxe4 Qf6 Qh4 Qxh4 Nh3 Qe4+ Be2 Bg4 O-O Nd4 Nf4 Nxe2+ Kh1 Nxf4 Rg1 Bxf2 d3 Qxd5 Bxf4 Bxg1 Kxg1 exf4 Kh1 f3 gxf3 Qxf3+ Kg1 O-O Na3 Rfe8 Nb5 Re2 Re1 Qg2#
32,OkM9nhiw,ruchitoshniwal1,ANONYMOUS,ruchitoshniwal1,e4 e5 Bc4 f6 Nf3 Nh6 O-O Ng4 d3 Nc6 Nc3 Nd4 a3
33,mEwYn2MX,ruchitoshniwal1,ANONYMOUS,ANONYMOUS,e4 e5 Nf3 f6 Nxe5 fxe5 Bc4 Bc5 O-O Nf6 d3 h5 Nc3 Rf8 Bf7+ Rxf7 Nd5 c6 Nxf6+ Rxf6 Bd2 Na6 Bh6 Rxh6 a3 Rg6 Qe2 Qg5 b4 Qxg2#
34,oTDWR3Ke,ritutoshniwal,ruchitoshniwal1,ritutoshniwal,e4 e5 Nf3 d6 Bc4 f6 c3 Ne7 d4 Nbc6 d5 Na5 Bd3 Bg4 b4 c5 bxa5 Qxa5 Bd2 b5 c4 b4 h3 Bh5 g4 Bg6 a3 Qb6 axb4 cxb4 Qa4+ Kf7 h4 h5 g5 f5 exf5 Nxf5 Bxf5 Bxf5 Bxb4 Be4 Nbd2 a5 Qd7+ Kg6 Qe6+ Kh7 g6+ Bxg6 Ng5+ Kh6 Nf7+ Kh7 Nxh8 Kxh8 Qxg6 Qxb4 Qxh5+ Kg8 Qg5 Qb2 Rb1 Qc2 h5 a4 h6 a3 hxg7 Bxg7 Rg1 Ra7 Rb8+ Kf7 Qxg7#
35,myWfydjo,ANONYMOUS,ruchitoshniwal1,ruchitoshniwal1,h4 e5 Nc3 Nf6 Nf3 Bc5 Nxe5 O-O g3 d6 Bh3 Qe7 Nf3 Nc6 O-O Ne5 b3 Nxf3+ Kh1 Ng4 exf3 h6 Kg1 Nh2 Kxh2 Bxh3 Kxh3 Rfe8 Re1 Qf6 Rxe8+ Rxe8 Na4 Qe6+ Kg2 Qg6 d3 Bd4 Rb1 b5 Bb2 Bxb2 Nxb2 Re6 Qg1 f5 Re1 Rf6 c3 f4 Qh2 fxg3 Qg1 gxf2+ Kxf2 Qf5 Nd1 Qxf3#
36,vzfgEs62,ANONYMOUS,ruchitoshniwal1,ANONYMOUS,e4 e5 Nf3 d6 d4 Qd7 d5 c6 c4 cxd5 cxd5 Qc7 Bd3 Qa5+ Nbd2 Bd7 a3 Qa4 b3 Qa6 Bxa6
37,gLS5BaEh,Arpitakabra1,ruchitoshniwal1,Arpitakabra1,e4 e5 Nf3 d6 Bc4 f5 d3 b6 Nc3 Bb7 O-O Qf6 exf5 Qxf5 Nh4 Qd7 f3 g5 Bxg5 Qg7 Ne4 Qd7 Bh6 Bxh6 f4 exf4 Qh5+ Kd8 Bxg8 Rxg8 Qxh6 Re8 Nf6 Qc6 Nxe8 Kxe8 Rxf4 Nd7 Re1+
38,H2j8ElLM,ruchitoshniwal1,Arpitakabra1,Arpitakabra1,e4 e5 f3 Nf6 Nh3 d5 Nc3 d4 Nd5 Nxd5 exd5 Qxd5 b3 b5 a4 Nc6 axb5 Nb4 Bc4 Qc5 c3 dxc3 dxc3 Nc6 Ra4 Ne7 b4 Qxc4 Rf1 Qxb5 Ra2 Nf5 Rd2 Ba6 Kf2 Qa4 Qxa4+
39,gl50quza,Arpitakabra1,ruchitoshniwal1,ruchitoshniwal1,e4 c5 Nc3 Nc6 Nf3 d6 d4 cxd4 Nxd4 Nf6 Bb5 Bd7 Bg5 h6 Bf4 e5 Nxc6 bxc6 Be3 cxb5 b4 Be7 O-O O-O Re1 Bc6 Qf3 d5 exd5 Nxd5 Ne4 Nxe3 fxe3 Bxb4 Red1 Qb6 Nf6+ gxf6 Qxf6 Qxe3+ Kf1 Bxg2+ Kxg2 Qe2+ Kg3 Be1+ Kh3 Qf1+ Qxf1 Kh7 Rxe1 Rg8 Rxe5 Rg6 Qxf7+ Rg7 Qf5+ Rg6 Re6 Rg8 Qf7+ R6g7 Rg1 Rxf7 Rgg6 Rxg6
40,gZkzGRpj,ruchitoshniwal1,Arpitakabra1,Arpitakabra1,e4 e6 f3 Bb4 c3 Bc5 Nh3 d5 Nf4 Bd6 Nd3 Qe7 e5 Bc5 b4 Qh4+ Nf2 Bxf2+ Ke2 Nc6 f4 Qxf4 Kd3 Qe4#
41,EhbZ2KI0,ruchitoshniwal1,swampdiver,ruchitoshniwal1,e4 c5 Nf3 d6 Bc4 Nc6 d3 e6 O-O Nf6 Nc3 e5 Bg5 Be7 Be3 Bg4 h3 Bh5 Re1 O-O a3 Qb6 b4 cxb4 Bxb6
42,gYX6mUE6,ANONYMOUS,ruchitoshniwal1,ruchitoshniwal1,f4 e5 fxe5 d6 exd6 cxd6 Na3 Nc6 Nb5 a6 Nc3 Be7 Kf2 Nf6 Qe1 O-O Kg3 b5 Qf2 h6 Qf3 Ne4+ Qxe4 Rb8 Qxc6 Bb7 Qxb5 Qc7 Qd3 d5+ Kf3 Qd7 Nxd5 Bxd5+ Ke3 Rfe8 Kf4 Bg5+ Kg3 Qd6+ Kg4 Qf4+ Kh5 g6+ Qxg6+ fxg6+ Kxg6 Re6+ Kh5 Kg7 h4 Be7 Rh3 Qf5#
43,t0f3KMkc,mathijstk,ruchitoshniwal1,mathijstk,e4 c5 Nf3 Nc6 d4 cxd4 Nxd4 d6 Nxc6 bxc6 Nc3 Nf6 Bf4 e5 Bg5 Be7 Bc4 O-O O-O Bb7 b3 h6 Bh4 g5 Bg3 c5 h3 Nxe4 Nxe4 Bxe4 Qg4 Bg6 c3 d5 Rad1 d4 Bxe5 Bf6 Bxf6 Qxf6 cxd4 cxd4 Rxd4 Rfd8 Rxd8+ Rxd8 Rd1 Re8 Qd7 Re2 Bxe2
44,MZNFXfug,ruchitoshniwal1,las3ad,las3ad,d3 f5 d4 Nf6 Nf3 d5 Bg5 e6 e3 Be7 c4 c6 Nc3 b6 cxd5 exd5 Bd3 O-O O-O Ne4 Bxe7 Qxe7 Bxe4 dxe4 Ne5 f4 exf4 Rxf4 Re1 c5 Rxe4 Rxe4 Nxe4 cxd4 Qxd4 Bb7 Nd6 Nc6 Nxb7 Nxd4
45,SjXwVJQB,jdsnelle,ruchitoshniwal1,jdsnelle,e4 c5 Nf3 Nc6 c3 c4 d4 cxd3 Qxd3 d6 Be3 Nf6 Nbd2 g6 Be2 Bg7 O-O O-O Nb3 Be6 Nbd4 Nxd4 cxd4 d5 e5 Nd7 Qd2 f6 Bh6 fxe5 Bxg7 Kxg7 Nxe5 Nxe5 dxe5 Qc7 f4 Rad8 Rac1 Qb6+ Kh1 d4 b3 Rc8 Rxc8 Rxc8 h3 Bf5 Bd3 Bxd3 Qxd3 Rc3 Qd2 Qa6 Rd1 Rg3 Qxd4 Qe2 Rg1 Kf7 Qd5+ Kg7 Qxb7 Qxa2 Qxe7+ Kg8 e6 Qxb3 Qf7+ Kh8 Qf8#
46,jraSGUEE,neverlur,ruchitoshniwal1,ruchitoshniwal1,d4 d5 Bf4 Nf6 Nf3 e6 Ne5 c5 c3 Nc6 e3 Bd6 Bb5 Qb6 Nxf7 Kxf7 Bxd6 Qxb5 Na3 Qxb2 Bxc5 Qxc3+ Ke2 b6 Bd6 Ba6+ Kf3 Rad8 Rc1 Qb2 Rxc6 Rxd6 Rxd6 Qxa3 Qb3 Qxb3 axb3 Rc8
47,AOEkwVHQ,ruchitoshniwal1,vishushi,vishushi,d4 e5 Nf3 e4 Ng5 d5 f3 f6
48,YcBhG2pT,JCFER,ruchitoshniwal1,JCFER,e4 c5 Nc3 Nc6 Nf3 d6 a3 Bg4 Bb5 Bxf3 Bxc6+ bxc6 Qxf3
49,LuAKfuFf,ruchitoshniwal1,sergheicovalenco,sergheicovalenco,d4 b6 Nf3 Bb7 Bf4 d6 e3 c5 Bd3 Nd7 dxc5 bxc5 c4 Ngf6 Nc3 h6 e4 g5 e5 dxe5 Bxe5 Nxe5 Nxe5 Nd7 Nxd7 Qxd7 O-O Qc6 Be4 Qc7 Bxb7 Qxb7 Qd2 Bg7 Qe3 O-O
50,yWODvquC,icebooy,ruchitoshniwal1,ruchitoshniwal1,e4 c5 d4 Nc6 d5 Ne5 Nf3 d6 Nxe5 dxe5 Bc4 Nf6 Qf3 e6 dxe6 Bxe6 Bxe6 fxe6 O-O Be7 Rd1 Qb6 Be3 O-O Nc3 Qxb2 Bg5 Ne8 Bxe7 Rxf3 gxf3 Qxc3 Kg2 Kf7 Bh4 Nf6 Rd3 Qxa1
51,zj422Kqy,ruchitoshniwal1,ANONYMOUS,ruchitoshniwal1,e4 d6 Nf3 Qd7 Bc4 Qa4 O-O Qxc4 Na3 Qxe4 b3 Qe6 d3 Qd7 Re1 Qd8 h3 Bxh3 Ng5 Bc8 Bb2 d5 Bxg7 Bxg7 Rc1 Qd7 Qf3 f5 Qh5+ Kd8 Nf7+ Ke8 Ne5+ Kd8 Nxd7 Kxd7 Qf7 Nf6 Qxe7+ Kc6 c4 h5 cxd5+ Kxd5 Qe5#
52,LHgyBIbs,AyyoubKesh,ruchitoshniwal1,ruchitoshniwal1,e4 c5 c3 Nc6 d4 cxd4 cxd4 e6 e5 d5 Nf3 Bb4+ Bd2 Bxd2+ Nbxd2 Nge7 Nb3 O-O Bd3 Qb6 O-O Na5 Nc5 Qc7 Qc2 Nc4 Bxh7+ Kh8 Bd3 a6 Bxc4 dxc4 Qxc4 b6 Rfc1 bxc5 Qxc5 Qxc5 Rxc5 Bb7 Nd2 Bd5 h3 Rfc8 b4 Rcb8 a3 Rb5 g4 Rxc5 bxc5 Rb8 f4 Rb2 Nf3 Bxf3 Rc1 Rg2+ Kf1 Rd2 Ke1 Re2+ Kf1 Kg8 c6 Nxc6 Rxc6 Bxc6 f5 Kf8 f6 gxf6 exf6 Re4 Kf2 Rf4+ Ke3 Rxf6 g5 Rh6 Kf4 Kg8 gxh6 Kh7 Kg5 Be4 h4 Bf5 h5 Bg6 Kf6 Bxh5 Kg5 Bg6 a4 Bc2
53,iINpFFeQ,ruchitoshniwal1,Archelaus7,Archelaus7,d4 g6 Nf3 Bg7 Bf4 Nf6 e3 O-O c4 d6 Nc3 Re8 Be2 b6 O-O Bb7 a4 Qd7 d5 c6 dxc6 Bxc6 Nb5 a6 Nc3 a5 Bg5 h6 Bxf6 Bxf6 Rb1 Na6 Nd5 Bxd5 cxd5 Nc5 Bb5 Qxb5 axb5 e6 dxe6 Rxe6 Nd4 Ree8 Nc6 Be7 Nxe7+ Rxe7 Qxd6 Rb7 Qc6 Raa7 Rbd1 Kg7 Rd3 Nxd3 Qc3+ Kg8 Qxd3 a4 Qa3 Rc7 Rd1 Kg7 b3 Ra5 b4 Raa7 Qb2+ Kh7 Rc1 a3 Qa1 Rd7 h3 Rd2 Rc3 a2 Rc1 Rad7 Kf1 R7d5 Ke1 R2d3 Rc2 Ra3 Rxa2 Rxa2 Qxa2 Rxb5 Qb2 h5 Qb3 h4 Qxf7+ Kh6 Qf4+ g5 Qc4 Rf5 Qc6+ Kh5 Qf3+ Kg6 Qxf5+ Kxf5 Ke2 Ke4 f3+ Kd5 e4+ Ke5 Ke3 b5 Kd3 Kf4 Kd4 g4 Kc5 gxf3 gxf3 Kxf3
54,QUlBpWT5,ruchitoshniwal1,Rony23,Rony23,d4 c6 Nf3 Nh6 Bf4 Qb6 b3 d6 Nc3 f6 e3 e5 dxe5 fxe5 Bg3 Ng4 Be2 Be7 O-O Qa5 Qd3 Bf6 Nd1 g6 e4 d5 Nd2 dxe4 Qxe4 Bf5 Qc4 Qxd2 Bxg4 Bxg4 Qxg4 Qxc2 Re1 Qf5 Qxf5 gxf5 Bxe5 Bxe5 Rxe5+ Kf7 Nc3 Nd7 Re3 Rae8 Rae1 Rxe3 Rxe3 f4 Rf3 Ke6 Rxf4 Ne5 g3 Rd8 Re4 Rd2 Re3 Rc2 f4 b5 Rxe5+ Kd6 Ne4+ Kd7 Nf6+ Kd6 Nxh7 c5 Nf8 Rc1+ Kg2 Rc2+ Kh3 Rc3 Kg4 c4 h4 cxb3 Kg5 b2 Kg6 b1=Q+
55,PPYLJnsN,ruchitoshniwal1,Checkersisbetter19,ruchitoshniwal1,d4 d5 Nf3 Nc6 Bf4 Nf6 e3 Ne4 Bd3 Bf5 c3 e6 Qe2 a6 Nbd2 b5 Ne5 Nxe5 Bxe5 f6 Bxe4 Bxe4 Nxe4 dxe4 Bg3 f5 O-O g5 Qh5+ Kd7 Qf7+ Be7 Rfd1 Qf8 Qxf8 Rhxf8 d5 Bd6 dxe6+ Kxe6 Bxd6 cxd6 Rd4 d5 Rad1 Rad8 f3 h5 fxe4 fxe4 g3 Rf3 Rxe4+ dxe4 Rxd8 Rxe3 Kf2 Rf3+ Ke2 h4 g4 Rh3 Re8+ Kd5 Rd8+ Kc6 Re8 Rxh2+ Ke3 Rxb2 Rxe4 Rxa2 Re6+ Kb7 Rg6 h3 Rxg5 h2 Rh5 Rb2 Kd3 b4 cxb4 Rxb4 Rxh2 Rxg4 Rb2+ Kc6 Rc2+ Kb5 Rb2+ Kc5 Ra2 Kb5 Rb2+ Kc5 Rb8 Rd4+ Kc3 Rc4+ Kb3 a5 Rc8+ Kd4 Rxc4+ Kd5 Ra4 Kc5 Rxa5+ Kb6 Kb4 Kc6 Rb5 Kd6 Kc4 Ke6 Rd5 Kf6 Kd4 Ke6 Kc5 Kf6 Kd6 Kg6 Re5 Kf6 Kd5 Kg6 Ke6 Kg7 Rf5 Kg6 Ke5 Kg7 Rf6 Kg8 Ke6 Kg7 Ke7 Kh7 Kf7 Kh8 Rh6#
56,ug4s1niE,ianiver,ruchitoshniwal1,ianiver,e4 c5 d4 Nc6 dxc5 e6 Be3 Qa5+ Nc3 Bxc5 Bxc5 Qxc5 Bb5 Nf6 Qf3 Nd4 Qd3 a6 Bc4 b5 Bb3 Bb7 f3 O-O O-O-O Nxb3+ axb3 d5 Re1 dxe4 fxe4 Rfd8 Qe3 Qe5 Nf3 Qc7 e5 Nd5 Nxd5 Bxd5 Nd4 Rdc8 c3 b4 Kc2 bxc3 bxc3 a5 Nb5 Qb7 Nd6 Qxb3+ Kd3 Rxc3+ Kd4 Rxe3 Rxe3 Qb4+ Kd3 Rb8 Rc1 Qa3+ Rc3 Rb3 Rxb3 Qxb3+ Kd4 Qb4+ Kd3 f6 Ne4 Bxe4+ Rxe4 Qc4+ Rxc4 fxe5 Re4 a4 Rxe5 a3 Ra5 a2 Ra3 Kf7 Rxa2 Kf6 Rf2+ Ke5 Rf7 Kd6 Rxg7 e5 Rxh7 Ke6 Rh4 Kf6 Ke4
57,qjFaXnQQ,ruchitoshniwal1,ANONYMOUS,ANONYMOUS,e4 e6 Nf3 Nh6 Bc4 Ng4 Ne5 Nxe5 d3 Nxc4 dxc4 Bd6 Bg5 Qxg5 O-O O-O Qf3 Qh4 Nc3 Qxh2#
58,XvxKG7FI,ANONYMOUS,ruchitoshniwal1,ruchitoshniwal1,e4 e5 c4 Nc6 Qe2 Nf6 d3 Bb4+ Kd1 Nd4 Qe3 d6 b3 Bg4+ f3 Be6 h4 h6 Bb2 c5 Be2 a6 a4 a5 Bc3 Bxc3 Nxc3 O-O h5 Nxb3 Ra3 Nd4 Rh4 Nd7 Nb5 Qxh4 Nxd4 cxd4 Qc1 Qg3 Bf1 Nb6 Ne2 Qg4 fxg4 Bxg4 g3 Bxh5 Bh3 Bxe2+ Kxe2 Kh7 Kf3 Rae8 Kg4 Re6 Kf5 Rf6+ Kg4 g6 Kh4 g5+ Kg4 Rg8 Kh5 Nd7 Qc2 Rf3 Rc3 Rxg3 Bxd7 Rh3+ Kg4 Rh1 Kg3 h5 Kf3 g4+ Kg3 h4+ Kf2 g3+ Kf3 h3 Ke2 g2 Kf3 g1=Q Ke2 Rh2+ Kf3 Rxc2 Rxc2 Qg3+ Ke2 h2 c5 h1=Q cxd6 Qhf3+ Kd2 Qe3+ Kd1 Qge1#
59,HLXkkdS9,ANONYMOUS,ruchitoshniwal1,ANONYMOUS,e4 e5 Qh5 Be7 Qxe5 Nf6 Qc3 O-O e5 d6 exf6 Bxf6 Qd3 Nc6 Be2 a6 Nf3 Re8 O-O Bf5 Qxf5 Qe7 Bd3 Nb4 Qxh7+ Kf8 Qh8#
60,lVZ7pxS1,ritutoshniwal,ruchitoshniwal1,ruchitoshniwal1,d4 d5 Nf3 Nf6 e3 e6 Bd3 c5 c3 c4 Bc2 Be7 Nbd2 O-O Qe2 Nc6 O-O Qd6 e4 dxe4 Nxe4 Nxe4 Qxe4 f5 Qe2 Bf6 Qxc4 a6 Re1 Re8 Ne5 Bxe5 dxe5 Nxe5 Qf4 Nf7 Qxd6 Nxd6 Bf4 Nb5 Bb3 h6 Re2 g5 Bd2 Kf7 Rae1 Kf6 Re5 Nd6 h4 Ne4 Bc1 Kxe5 f3 Kf6 fxe4 fxe4 Rxe4 Kf5 Re1 gxh4 Bxh6 Rh8 Bc1 Rg8 Rf1+ Kg6 Re1 Kh7 Bxe6 Rg6 Bxc8 Rxc8 Re7+ Rg7 Rxg7+ Kxg7 Bg5 Kg6 Bxh4 Rf8
61,XhYAbJwf,ruchitoshniwal1,ritutoshniwal,ritutoshniwal,d4 d5 Nf3 Nf6 e3 e6 c4 c6 cxd5 cxd5 Nc3 Bd6 Be2 Nbd7 O-O Qe7 Qb3 O-O Nd1 e5 Bd2 e4 Ne5 Nxe5 dxe5 Qxe5 Bb5 Qxh2#
62,7NH7M8KR,ritutoshniwal,ruchitoshniwal1,ritutoshniwal,d4 d5 e3 Nf6 Nf3 e6 Bd3 c5 c3 cxd4 cxd4 Bb4+ Nbd2 Bxd2+ Bxd2 O-O e4 Nc6 e5 Nd7 Bb1 f6 Qc2 fxe5 Qxh7+ Kf7 Bg6+ Ke7 Qxg7+ Kd6 dxe5+ Ncxe5 Bb4+ Kc6 Bxf8 Qxf8 Qxf8 Nxf8 Nxe5+ Kd6 Nf7+ Ke7 Ne5 Kf6 f4 Nxg6 Nxg6 Kxg6 g4 Bd7 h4 Rf8 h5+ Kh6 g5+ Kh7 g6+ Kh6 O-O-O Rxf4 Rdg1 Rf5 g7 d4 g8=Q Rc5+ Kb1 Be8 Qh8#
63,QfrMgRKa,ruchitoshniwal1,ritutoshniwal,ruchitoshniwal1,d4 Nf6 Nf3 g6 Bg5 Bg7 Bxf6 Bxf6 e3 Bg7 c3 O-O Bc4 c6 Bb3 d5 Nbd2 Bg4 c4 dxc4 Bxc4 Nd7 Bb3 Nf6 O-O a5 h3 Bh5 Qc1 Rc8 a4 b5 axb5 cxb5 Qd1 a4 Ba2 Qd7 b3 axb3 Qxb3 Nd5 Qxd5 Qxd5 Bxd5 Rcd8 Bb3 e5 g4 e4 Nh2 Bxg4 Nxg4 h5 Nh2 Bf6 Ng4 Kg7 Nxf6 Kxf6 f3 Rde8 fxe4+ Kg7 e5
64,Dh1jKaPz,ruchitoshniwal1,ritutoshniwal,ritutoshniwal,a4 d5 b3 Nc6 Bb2 e5 e3 Nf6 d4 e4 c4 Bb4+ Nd2 Be6 f3 exf3 Nxf3 Ne4 Bd3 Bg4 O-O Nxd2 Ba3 Nxf3+ gxf3 Bh3 Rf2 Bxa3 Rxa3 Qg5+ Kh1 Qxe3 Re2 Qxe2 Qxe2+ Ne7 cxd5 Rd8 Bb5+ Kf8 Bc4 Nxd5 Bxd5 Rxd5 Qe4 Rg5 b4 Bg2+ Kg1 Bxf3+ Kf2 Bxe4 Re3 Rg2+ Kf1 Bd5 Re5 c6 Rxd5 cxd5 Kxg2 f6 Kf3 Kf7 Kf4 Re8 b5 Re2 a5 Ra2 b6 axb6 axb6 Rb2 Kf5 Rxb6
65,YgO3MBH5,ritutoshniwal,ruchitoshniwal1,ritutoshniwal,e4 c5 Nf3 Nc6 c3 d6 d4 cxd4 cxd4 Nf6 Nc3 g6 Bb5 Bg7 d5 Qa5 dxc6
66,yWSLm2ja,ruchitoshniwal1,knightmod,ruchitoshniwal1,d4 c5 Nf3 cxd4 Nxd4 Nc6 Nf3 e5 e3 d6 c4 e4 Nfd2 Nf6 Nc3 Bf5 Be2 Be7 h3 O-O g4 Bg6 b3 h6 Bb2 Re8 f3 Bf8 fxe4 Nxe4 Ndxe4 Bxe4 Nxe4 Rxe4 Qd3 Re8 Bd1 Qh4+ Ke2 Ne5 Bxe5 Rxe5 Bc2 g6 Raf1 Rae8 Rf3 b6 a4 Bg7 Qd5 Rxd5 cxd5 Qe7 Rhf1 Qe5 e4 Rf8 Re3 Qb2 Kd2 Qa3 Rb1 Qb4+ Kd1
67,DEJ08mJx,ruchitoshniwal1,ritutoshniwal,ritutoshniwal,a4 g6 Nc3 Bg7 b3 d5 Bb2 e5 e3 Bf5 d4 e4 Bb5+ c6 Be2 Qg5 g3 Nf6 h4 Qh6 g4 Nxg4 Bxg4 Bxg4 Qxg4 f5 Qg5 Qxg5 hxg5 Na6 O-O-O Nc7 f3 Ne6 f4 a6 Ba3 b5 axb5 axb5 Bd6 h6 gxh6 Rxh6 Rxh6 Bxh6 Nge2 g5 fxg5 Nxg5 Ng3 Nf3 Nxf5 Bg5 Kb2 Kd7 Rh1 Bxe3 Rh7+ Ke6 Nxe3 Kxd6 Rh6+ Kc7 Ne2 Rg8 Nf4 Nxd4 Ne6+ Nxe6 Rxe6 Rg3 Nd1 Kd7 Re5 Kd6 Re8 Kc5 Kc1 Rg1 Kd2 Kb4 Rc8 Kc5 b4+ Kb6 Rb8+ Kc7 Rf8 Kd6 Rf6+ Kc7 Rf7+ Kb6 Rf8 Rg2+ Kc3 Rg3+ Kd2 d4 Rf4 Rg2+ Ke1 Rxc2 Rxe4 Rc4 Kd2 Rxb4 Kd3 c5 Re6+ Kc7 Re5 Rc4 Nb2 Rc3+ Kd2 Kd6 Rh5 b4 Rh6+ Ke5 Rh5+ Ke4 Rh4+ Kf3 Rh3+ Kg2 Rh5 Rf3 Rg5+ Kh3 Rxc5 Rf2+ Kc1 Rf1+ Kc2 Rf2+ Kb3 Kg3 Rc2 Rf3+ Kc4 Rc3+ Rxc3+ bxc3 Nd3 Kf3 Kxd4 Ke2 Kxc3
68,XReteMlt,penguin434,ruchitoshniwal1,ruchitoshniwal1,e4 d5 exd5 Qxd5 Nc3 Qa5 d4 Nc6 Bd2 Qb6 Qf3 Nf6 b3 Nxd4 Qd3 Bf5 Qc4 Nxc2+ Kd1 Nxa1 Nf3 Bc2+ Kc1 Bxb3 axb3 Nxb3+ Kd1 Nxd2 Nxd2 e6 Kc2 Bc5 Qa2 O-O Bd3 Rad8 Rc1 Bb4 Nde4 Nxe4 Nxe4 Qd4 Qb3 Ba5 Rd1 Qe5 Kb1 Qxe4 Bxe4 Rxd1+ Kc2 Rfd8 Bxb7 R8d2#
69,HixKkE3w,ANONYMOUS,ruchitoshniwal1,ruchitoshniwal1,d3 d5 d4 Nc6 Qd2 Bf5 Qf4 e6 Qg3 Nf6 a3 Bxa3 bxa3 O-O a4 Nb4 c4 Nd3+ exd3 dxc4 dxc4 b5 cxb5 Qxd4 Ra3 Rad8 Bg5 Qd1#
70,ei15YPLy,ANONYMOUS,ruchitoshniwal1,ruchitoshniwal1,e3 e5 e4 Nf6 Bc4 Nxe4 Bf1 Bc5 Qe2 Nf6 Qc4 d6 Qxf7+
71,YXS7wkZi,ritutoshniwal,ruchitoshniwal1,ritutoshniwal,d4 d5 Nf3 Nf6 e3 e6 Bd3 Bb4+ c3 Bd6 Nbd2 Bd7 O-O c5 Qe2 c4 Bc2 Nc6 e4 dxe4 Nxe4 Nxe4 Qxe4 f5 Qe2 Qf6 Re1 O-O-O Bg5 Qg6 Bxd8 Rxd8 Ne5 Bxe5 dxe5 h5 Qxc4 a6 Ba4 b5 Bxb5 axb5 Qxb5 h4 Qa6+ Kc7 a4 h3 g3 f4 Ra3 Qe4 Rxe4 Bc8 Qf1 Rd1 Re1 Rxe1 Qxe1
72,CgYvDY1a,ruchitoshniwal1,mubby,mubby,d4 g6 Nf3 Bg7 Bf4 d6 e3 e5 dxe5 dxe5 Qxd8+ Kxd8 Bxe5 Bxe5 Nxe5 Ke8 Bc4 Be6 Bxe6 fxe6 Nc3 Nc6 Nxc6 bxc6 O-O-O Nf6 f4 Nd5 Nxd5 cxd5 Rhe1 Ke7 e4 dxe4 Rxe4 Rhd8 g4 Rxd1+ Kxd1 Rd8+ Kc1 Rd5 b3 Kd6 h4 h6 g5 hxg5 hxg5 Rf5 Kb2 c6 a4 Kd5 Rb4 c5 Rb5 Rxf4 c3 Rf7 b4 Rc7 bxc5 Rxc5 Rb7 a5 Rd7+ Ke5 Rf7 Ke4 Kc2 Rxg5 Rf6 Rf5 Rxe6+ Kf4 Rxg6 Rb5 Rg2 Re5 Rd2 Re4 Kb3 Ke3 Rd4 Rxd4 cxd4 Kxd4 Ka3 Kc4 Ka2 Kb4 Ka1 Kxa4 Kb1 Kb3 Ka1 a4 Kb1 a3 Ka1 a2
73,wwIT6RHa,Mnoor89,ruchitoshniwal1,Mnoor89,e4 c5 Nf3 Nc6 d4 cxd4 Nxd4 d6 Nxc6 bxc6 Bc4 Nf6 Nc3 g6 O-O Bg7 Be3 O-O Qd2 e6 Bh6 d5 Bxg7 Kxg7 exd5 cxd5 Bb3 d4 Ne2 e5 Rfd1 Bf5 c3 dxc3 Qxc3 Qc8 Qg3 Qc5 Rac1 Qb6 Nc3 Rfe8 Nd5 Qe6 Nxf6 Qxf6 Qf3 e4 Qc3 Qxc3 Rxc3 Rad8 Rdc1 e3 fxe3 Rd2 Bd5 Rxd5 b4 Rb5 Rb3 Rbe5 b5 Rxe3 Rxe3 Rxe3 a4 Bd3 a5 Re5 b6 axb6 axb6 Rb5 Rc6
74,jD4oxvyp,ANONYMOUS,ruchitoshniwal1,ruchitoshniwal1,d3 e5 Qd2 Nf6 Nc3 Bc5 Nd5 d6 Nc3 O-O Na4 Nc6 Nc3 Be6 Ne4 Nxe4 dxe4 h6 g3 a6 Bg2 Bh3 Bxh3 Qf6 Nf3 Rab8 Nd4 Bxd4 O-O b6 Bd7 d5 exd5 Na5 Qb4 Rbd8 Qd2 c6 Qb4 Nc4 Qxc4 Rxd7 a4 cxd5 Qb4 Qg6 Bg5 Qxg5 Qxf8+ Kxf8 Rfd1 Rc7 Rd3 Qf5 Rb3 Qxf2+ Kh1 Rxc2 h3 Rxe2 h4 Qh2#
75,ighedIae,ruchitoshniwal1,Matteo39,Matteo39,d4 g6 Nf3 Bg7 Bf4 d6 e3 e5 dxe5 Nc6 exd6 cxd6 Qxd6 Qxd6 Bxd6 Bxb2 Nbd2 Bxa1 Nb3 Bc3+ Kd1 Nb4 Bb5+ Bd7 Bxd7+ Kxd7 Bxb4 Bxb4 Kc1 Rc8 Kb2 Nf6 Rd1+ Ke7 Nfd4 Ne4 f3 Bc3+ Kb1 Bxd4 fxe4 Bxe3 Re1 Bf4 e5 Rc3 e6 f5 Nd4 Rhc8 Ne2 Rxc2 Nxf4 Rxg2 Nxg2 Rc6 Rd1 Rb6+ Ka1 Rxe6 Rd7+ Kxd7 Nf4 Re1+
76,IzvYQW5u,ritutoshniwal,ruchitoshniwal1,ruchitoshniwal1,d3 Nf6 e4 g6 Nf3 Bg7 Nd4 O-O c3 e5 Nf3 d6 d4 Bg4 Be2 exd4 cxd4 Bxf3 Bxf3 Re8 Qe2 Nc6 Nc3 Nxd4 Qc4 Nxf3+ gxf3 d5 Qb4 dxe4 fxe4 Nxe4 Nxe4 Qh4 Qxb7 Qxe4+ Qxe4 Rxe4+ Be3 Rae8 O-O f5 Bxa7 Bxb2 Rab1 Be5 Rbc1 Bd6 Be3 f4 Bd2 Re2 Bc3 Rxa2 Rfe1 Ree2 Rxe2 Rxe2 Ra1 f3 Ra8+ Kf7
77,qdA0oIeZ,ruchitoshniwal1,ritutoshniwal,ruchitoshniwal1,d4 e5 Nf3 e4 Nfd2 d5 e3 Nf6 c4 c6 Nc3 Nbd7 Be2 Nb6 O-O Be6 cxd5 cxd5 Qb3 Bd6 Bb5+ Nfd7 Bxd7+ Qxd7 a4 O-O a5 Nc4 Nxc4 dxc4 Qc2 Qc7 Nxe4 Bxh2+ Kh1 Bf5 f3 Rfe8 Bd2 Bxe4 Qxe4 Qg3 Qg4 Qxg4 fxg4 Bc7 g3 Red8 Kg1 Rac8 Rxf7 b6 g5
78,mePvIYci,ruchitoshniwal1,Alvarosanez,Alvarosanez,d4 e5 Nf3 exd4 Nxd4 Bc5 Qd2 Qf6 c3 Bxd4 Qxd4 Qxd4 cxd4 Nc6 Nc3 Nb4 Bg5 Nc2+ Kd2 Nxa1 e3 d5 Bd3 c5 Bc2 c4 Rxa1 b5 Rd1 b4 Nxd5 b3 Bxb3 Bb7 Bxc4 Ba6 Kc3 Rb8
79,2KoL4BBs,Mikolaj100610,ruchitoshniwal1,Mikolaj100610,e4 c5 Qf3 Nc6 Bc4 Ne5 Qxf7+ Nxf7 Bxf7+ Kxf7 f3 Ke8 Nh3 Nf6 O-O e6 g4 Bd6 d3 Bf4 Bxf4 Nxg4 Bg5 Ne3 Bf4 Qf6 Ng5 Qxf4 Nxe6 Qg5+ Nxg5 Kf8 Nh3 Kf7 Nf2
80,Mq8dy1VL,shady603,ruchitoshniwal1,shady603,e3 c5 g3 Nc6 Bg2 d6 Ne2 Be6 O-O Nf6 d4 g6 dxc5 dxc5 Qxd8+ Rxd8 c4 Bg7 Nbc3 O-O Nd5 Bxd5 cxd5 Nxd5 Bxd5 Rxd5 Nc3 Rd1 e4 Nd4 e5 Ne2+ Nxe2 Rxc1 Rfxc1 Bxe5 Rab1 Bxb2 Rxb2 Rd8 Rbc2 Kg7 Rxc5 Rd1+ Rxd1 Kh6 Rcd5 Kg7 Rd7
81,hdKw2ddo,ruchitoshniwal1,Mohamadmora89,ruchitoshniwal1,d4 e5 Nf3 Nc6 Nfd2 exd4 e3 dxe3 Bc4 exd2+ Bxd2 Be7 Qe2 Nf6 O-O O-O Qd3 Bd6 c3 Ne5 Bb3 Nc4 Bc2 g6 Bg5 Ne5 Bxf6 Nxd3 Re1
82,5er0bp7e,Zahra_Saberi1387,ruchitoshniwal1,Zahra_Saberi1387,e4 c5 d3 Nc6 Nf3 d6 Be2 Bg4 O-O Bxf3 Bxf3 Nd4 e5 dxe5 Bxb7 Nf3+ Bxf3 Rb8 Bc6+ Qd7 Bxd7+ Kxd7 Qf3 Nf6 Qd5+ Ke8 c4 Rd8 Qxd8+ Kxd8 Nc3 Ke8 Nd5 e6 Nc7+ Kd7 Nxe6 Bd6 d4 Kxe6 d5+ Ke7 Bg5 Rd8 Bxf6+
83,9KQNnGIS,ruchitoshniwal1,alexdzhioev,alexdzhioev,d4 Nc6 Nf3 e5 e3 e4 Nfd2 f5 Be2 d5 c3 Be6 O-O Be7 f3 Nf6 fxe4 Nxe4 Bh5+ g6 Nxe4 fxe4 Bxg6+ Kd7 Qe2 Qf8 Qf2 Qxf2+ Rxf2 hxg6 Bd2 Rhf8 Na3 Rxf2 Nb5 Rxd2 Kf1 b6 c4 a6 b3 axb5 cxd5 Bxd5
84,ilsNTVhd,brightfish,ruchitoshniwal1,brightfish,b3 d5 Bb2 f6 Qc1 e5 e3 Ne7 Ne2 Ng6 Ng3 Bc5 Be2 Bd4 O-O Bxb2 Qxb2 O-O c3 Qe7 d4 Qd6 dxe5 Nc6 c4 Qxe5 Qxe5 Ngxe5 cxd5 Ne7 Nc3 Nxd5 Nxd5 Be6 Nc3 Bxb3 Rad1 Nd3 axb3 Nxf2 Kxf2 Rad8 Kg1 Rxd1 Rxd1 c5 Bc4+ Kh8 Nd5 h6 Ne7 Kh7 Ng6 Re8 Nf4
85,WHjvn7mr,ruchitoshniwal1,khaled_younis,khaled_younis,d4 d5 Nf3 Nf6 e3 e6 Bd3 Be7 c3 O-O Qe2 b6 e4 dxe4 Bxe4 Nxe4 Qxe4 c6 Ne5 Bb7 Bg5 Bxg5 Qg4 Bf6 Ng6 fxg6 h4 h5 Qg5 Bxg5 Nd2 Bxd2+ Kxd2 c5 Kc2 cxd4 Kb3 dxc3 Kc2 Nc6 Kxc3 Na5 Kc2 Rc8+ Kb1 Qc7 b3 Qc2#
86,tiHOENhf,ruchitoshniwal1,WDTh553,WDTh553,d4 d6 Nf3 e6 Bf4 Bd7 e3 e5 Bd3 f6 Qe2 exf4 exf4+ Be7 Qxe7+ Kxe7 Ne5 Ke6 O-O Be8 Bc4+ Ke7 Bf7 Bxf7 Nxf7 Kxf7 Re1 Qe8 Re6 Qxe6 f5 Qe1#
87,R4V01VHA,ruchitoshniwal1,ranjitkalita,ruchitoshniwal1,d4 Nc6 Nf3 Nxd4 Bf4 Nxc2+ Qxc2 d6 Qxc7 Qxc7 Bxd6 Qxd6 Nc3 Qa6 e3 Qa5 Ba6 Qxa6 Nb5 Qd6 O-O Qc6 Rfd1 Qxb5 Rd8+ Kxd8 Rd1+ Kc7 Ne5 Kb6 Nc4+ Ka6 Nb6 Ka5 Nxc8 Qb6 b3
88,G05PKu7B,shady603,ruchitoshniwal1,shady603,e3 d5 g3 Nf6 Bg2 e6 Ne2 c6 O-O Bd6 d4 O-O c4 Qe7 cxd5 cxd5 Nbc3 Nc6 e4 dxe4 Nxe4 Nxd4 Nxf6+ Qxf6 Qxd4 e5 Qh4 Bc5 Qxf6 gxf6 Nc3 Be6 Ne4 Bd5 Nxf6+ Kg7 Bxd5 Rfd8 Bxf7 Rd5 Nxd5 Kxf7 Nf4 Be7 Nh5 Bf6 Nxf6 Kg6 Bg5
89,IWWTOsK9,ruchitoshniwal1,brightfish,brightfish,d4 d6 Nf3 c6 e3 Nd7 Bd3 Nb6 c3 Bg4 Nbd2 Bxf3 Qxf3 Nf6 e4 g6 e5 dxe5 dxe5 Nfd7 e6 Ne5 Qxf7+ Nxf7 exf7+ Kxf7 O-O Kg7 Re1 e6 Ne4 Nd5 Bc4 Be7 Bxd5 exd5 Nc5 Bxc5
90,BtD1JXMv,khaled_younis,ruchitoshniwal1,khaled_younis,g3 d5 Bg2 Nf6 Nf3 e6 O-O c5 d4 Bd6 dxc5 Bxc5 Bg5 O-O Bxf6 Qxf6 c3 e5 e3 d4 cxd4 Bxd4 exd4 exd4 Nxd4 Bg4 Qxg4 Qxd4 Qxd4 Nc6 Bxc6 Rad8 Qxd8 Rxd8 Bxb7 g6 Bg2
91,QVXrBClL,ruchitoshniwal1,DsViking,DsViking,d4 e6 Nf3 Ne7 Bf4 g6 e3 d6 Bd3 f6 c4 g5 Bg3 Rg8 h4 h6 hxg5 fxg5 Nbd2 Rh8 Qe2 d5 O-O-O dxc4 Bxc4 Nec6 Kb1 Bd7 Bb3 Nb4 Ne5 Bc8 a3 N4c6 Nxc6 Nxc6 Qc4 Bd6 Bxd6 cxd6 Ne4 Bd7 Nxd6+ Kf8 Ne4 Qe7 Qc5 b6 Qxe7+ Kxe7 Nc3 Kd6 d5 Ke7 dxc6 Bxc6 Rd7+ Kxd7 Ne4 Kc7 Nf6 Rad8 Ne8+ Rdxe8 Rc1 Rd8 Rxc6+ Kxc6 Bxe6 Kb7 Bg4 Rd6
92,ZlPEJCLT,naber001,ruchitoshniwal1,naber001,e4 c5 d4 Nc6 d5 Nb8 Ne2 d6 Ng3 Nf6 Nc3 g6 Bb5+ Bd7 Bd3 Bg7 O-O O-O Bg5 e5 dxe6 Bxe6 b3 d5 e5 h6 Bxf6 Bxf6 exf6 Qxf6 Nb5 Nc6 Nc7 Rac8 Nxe6 fxe6 Qg4 h5 Qxg6+ Qxg6 Bxg6 Ne5 Bxh5 Rf7 Bxf7+ Kxf7 Rfe1 Ke7 Rxe5
93,hYiMavTa,OhNoYourPawn,ruchitoshniwal1,ruchitoshniwal1,e4 c5 Nc3 Nc6 Bb5 d6 f4 Bd7 Nf3 Nf6 O-O g6 d3 Bg7 Qe1 O-O e5 dxe5 fxe5 Ne8 Bxc6 Bxc6 Qg3 Bxf3 Rxf3 Qb6 Qh4 Bxe5 Rh3 h5 Bh6 Bg7 Bxg7 Nxg7 Ne4 c4+ Kh1 cxd3 cxd3 Nf5 Rf1 Nxh4 Rxh4 f5 Ng3 Qf6 Nxf5 Qxf5 Rxf5 Rxf5 h3 Raf8 Kh2 Rf4 Rxf4 Rxf4 g4 Rb4 gxh5 Rxb2+ Kg3 gxh5 Kh4 Rxa2 Kxh5 Ra3 h4 Rxd3 Kg5 Rh3 h5 Rxh5+ Kxh5 a5 Kg4 a4 Kf3 a3 Ke2 a2 Kd3 a1=Q Ke4 Qa5 Kd4 b5 Kd3 b4 Kc2 Qa3 Kb1 b3
94,EKpPyUPj,ruchitoshniwal1,srbh,ruchitoshniwal1,d4 d5 Nf3 e6 Bf4 Nf6 e3 Nc6 c4 Bd6 Bg3 Bxg3 hxg3 dxc4 Nc3 Nd5 Bxc4 Nxc3 bxc3 O-O Qc2 h6 g4 e5 dxe5 Bxg4 Rd1 Nxe5 Nxe5 Qxd1+ Qxd1 Bxd1 Kxd1 Rad8+ Kc2 a6 Bb3 b5 Rd1 Rxd1 Kxd1 c5 Kd2 c4 Bc2 f6 Nf3 g5 Nd4 Kg7 Bf5 Rd8 g4 Rd5 Kc2 Kf7 e4 Rd8 Be6+ Kf8 Bf5 Rd6 a3 Ke7 f3 Rd8 Bg6 Kd6 Nf5+ Kc5 Nd4 Rxd4 Bf5 Rd3 Kb2
95,iIHIIdGa,ruchitoshniwal1,ModernEuclid,ModernEuclid,d4 d5 Nf3 Nf6 e3 e6 Bd3 Be7 Nbd2 O-O Qe2 c5 c3 c4 Bc2 Nc6 e4 dxe4 Nxe4 Nxe4 Qxe4 g6 Bh6 Re8 Ne5 Bf6 Nxc6 bxc6 Qxc6 Bd7 Qxc4 a6 O-O Bb5 Qb3 Bxf1 Kxf1 Rb8 Qa4 Rxb2 Qxa6 Rxc2 Qd3 Rb2 c4 Qxd4 Bc1 Qxd3+
96,BlSCi50L,TempeGarit,ruchitoshniwal1,ruchitoshniwal1,e4 c5 Nc3 Nc6 g3 d6 Bg2 Nf6 h3 g6 Nge2 Bg7 d3 O-O O-O e5 Kh2 Be6 f4 d5 g4 d4 Nb1 exf4 Nxf4 Bd7 Nd2 Qc7 Nc4 g5 e5 gxf4 Bxf4 Ne8 e6 Qd8 exd7 Qxd7 Qf3 Rc8 Rae1 Nc7 Nd6 Rcd8 Kh1 Ne6 Bg3 f6 Nf5 Ng5 Qf2 Ne5 Bxe5 fxe5 Qe2 Qe8 Nxg7 Rxf1+ Rxf1 Kxg7 h4 Ne6 Be4 Qf7
97,YIlOTQeH,AABBOUDI,ruchitoshniwal1,ruchitoshniwal1,e4 c5 d3 Nc6 Nf3 d6 Be2 Nf6 O-O g6 Bd2 Bg7 Qc1 O-O Bh6 e5 Bxg7 Kxg7 c3 Bg4 h3 Bxf3 Bxf3 d5 exd5 Nxd5 Bxd5 Qxd5 c4 Qd4 Rd1 Rfd8 Nd2 Nb4 Nf3 Qf4 Qxf4 exf4 b3 Rxd3 Rxd3 Nxd3 Rd1 Nb4 Ne5 Re8 Nd7 Rd8 Kf1 Nxa2 Ke2 Nc3+ Kd2 Nxd1 Kxd1 Rxd7+ Kc2
98,AqPDAong,ruchitoshniwal1,AABBOUDI,ruchitoshniwal1,d4 d5 Nf3 e6 Bf4 Nf6 e3 Bb4+ c3 Bd6 Bd3 Bxf4 exf4 Nc6 Ne5 Nxe5 fxe5 Nd7 O-O Nb6 Nd2 Bd7 a3 O-O Qf3 Qg5 Qh3 Qxd2
99,he2mV7le,Iblesspopes,ruchitoshniwal1,Iblesspopes,d4 d5 Nf3 Nf6 g3 e6 Bg2 c5 O-O cxd4 c3 dxc3 Nxc3 Bb4 a3 Bxc3 bxc3 O-O Bg5 Nbd7 Nd4 Qb6 Bxf6 Nxf6 Rb1 Qc5 Qb3 Rb8 Rfe1 Bd7 e4 dxe4 Bxe4 Nxe4 Rxe4 Rbc8 Rc1 Bc6 Re3 Bd5 Qb4 Qb5 Nxb5 a6 Nd6 Rcd8 Nxb7 Rb8 Qe7 Rxb7 Qd6 Rfb8 c4 Rb1 Rc3 Rxc1+ Rxc1 Be4 Qxb8#
100,GNTzTfh9,tartare49,ruchitoshniwal1,ruchitoshniwal1,e4 c5 Bc4 Nc6 Qf3 d6 c3 Ne5 Qe2 Nf6 d3 g6 Bg5 Bg7 Bxf6 Bxf6 Nf3 Bg4 h3 Bxf3 gxf3 O-O Nd2 Nxc4 Nxc4 a6 a4 b5 axb5 axb5 Rxa8 Qxa8 Nd2 Qa1+ Qd1 Qxd1+ Kxd1 b4 Kc2 bxc3 bxc3 Rb8 Rb1 Rxb1 Kxb1 Kf8 Kc2 Ke8 c4 Kd7 Nb3 e5 Na5 Kc7 Nb3 h5 Kd2 Bg5+ Ke2 Bf4 h4 g5 hxg5 Bxg5 Na5 h4 Kf1 h3 Kg1 Bf4 Kh1 h2 Nb3 Kb6 Nc1 f6 Ne2 Ka5 Nxf4 exf4 Kxh2 Kb4 Kh3 Kc3 Kg4 Kxd3 Kxf4 Kxc4 Kf5 Kb4 Kxf6 c4 f4 c3 e5 c2 exd6 c1=Q d7 Qc7 Ke7 Kc5 f5 Qe5+ Kd8 Qxf5 Kc8 Qf8+ d8=Q Qxd8+ Kxd8 Kd4 Ke7 Ke4 Ke6 Kf3 Kf5 Kxf2
101,GS2VE6Sv,ruchitoshniwal1,seagullnono,seagullnono,d4 d5 Nf3 c6 Bf4 e6 e3 f5 c4 Nf6 cxd5 exd5 Ne5 Bd6 Nc3 O-O Bd3 Qe7 O-O a6 a4 Ne4 Bxe4 fxe4 Qh5 Nd7 Nxd7 Bxd7 Bxd6 Qxd6 f3 Bf5 fxe4 Bxe4 Nxe4 dxe4 Qc5 Qxc5 dxc5 Rae8 Rfd1 Re7 Rd4 Rfe8 Rb4 g6 Rd1 Kf7 Rdd4 Kf6 Rd6+ Kf5 Kf2 h5 h3 g5 g4+ hxg4 hxg4+ Kxg4 Rg6 Rf8+ Kg2 Ref7 Rxe4+ Kh5 Rge6 Rf2+ Kg1 Rf1+ Kg2 R8f2+ Kg3 Rf3+ Kg2 R1f2+ Kg1 Rf1+ Kg2 R1f2+ Kg1 Rf1+ Kg2
102,s16gYgow,ritutoshniwal,ruchitoshniwal1,ruchitoshniwal1,d4 d5 Nf3 e6 e4 c5 exd5 cxd4 dxe6 fxe6 Qe2 Nf6 Qb5+ Bd7 Qb3 Nc6 Ne5 Rb8 Nxc6 bxc6 Qxb8 Qxb8 Bc4 Qb4+ c3 Qxc4 cxd4 Qxd4 Bd2 Qe4+ Be3 Qxb1+ Ke2 Bb4
103,6IfZEnfy,ruchitoshniwal1,ritutoshniwal,ruchitoshniwal1,b3 Nf6 Bb2 g6 Bxf6 Bg7 c3 Rf8 d4 exf6 e4 Qe7 e5 fxe5 Qe2 exd4 Qxe7+ Kxe7 Nf3 Re8 Nxd4 Kf8+ Kd2 d6 Bd3 Bh6+ f4 c5 Kc2 Bxf4 Ne6+ fxe6 Rf1 g5 g3 e5 Rxf4+ gxf4 gxf4 exf4 Bg6 Re2+ Kd3
104,No3iBV6Q,ruchitoshniwal1,ritutoshniwal,ritutoshniwal,d4 Nf6 Nf3 d5 Bg5 e6 e3 Bd6 c3 O-O Nbd2 Bd7 Bd3 c6 O-O Be8 Qe2 Nbd7 e4 dxe4 Nxe4 Be7 Bxf6 Bxf6 Nxf6+ Qxf6 Ne5 Nxe5 Qxe5 Qxe5 dxe5 Bd7 Bc4 c5 Bb3 Bc6 Rfd1 Rfd8 h3 a5 a4 b5 axb5 Bxb5 Ba4 Bxa4 Rxa4 Rxd1+ Kh2 Rd2 Ra2 Rb8 Rxa5 Rdxb2 Rxc5 Rxf2 Kg3 Rc2 Rc7 h6 c4 Kf8 c5 f6 c6 fxe5 Kf3 Rc3+ Kf2 Rb2+ Kg1 Rc1+ Kh2 Rcc2 Rc8+ Ke7 c7 Kd7 Rg8 Rxc7 Rxg7+ Kd6 Rg6 Kd5 Rxh6 Rcc2 Rh8 Rxg2+ Kh1 Rh2+
105,7XO3DjYY,ritutoshniwal,ruchitoshniwal1,ruchitoshniwal1,e4 c5 Nf3 Nc6 d3 d6 Nc3 e5 d4 cxd4 Nd5 Nf6 Bb5 Bd7 Qe2 Nxd5 exd5 Ne7 Bg5 Qa5+ Bd2 Qxb5 Qxb5 Bxb5 c3 dxc3 Bxc3 g6 Rd1 Bg7 Nd2 O-O b3 Rac8 a4 Ba6 Bb2 b5 Ne4 bxa4 Nxd6 Rc2 bxa4 Re2+ Kf1 Rxb2+ Ke1 Re2+
106,9JFn04Vk,ruchitoshniwal1,ritutoshniwal,ritutoshniwal,d4 d5 Nf3 Nf6 Bg5 e6 Bxf6 Qxf6 e3 Bb4+ c3 Bd6 Nbd2 Nd7 Bd3 O-O Qe2 e5 dxe5 Nxe5 Nxe5 Qxe5 O-O-O Be6 Bc2 Qf6 Nb3 a5 h4 a4 Nd2 d4 exd4 Bxa2 g4 a3 b3 Qe6 Qxe6 fxe6 g5 Rxf2 h5 Bf4 g6 Bxd2+ Rxd2 Rxd2 Kxd2 h6 Ra1 Bxb3 Bxb3 b5 c4 bxc4 Bxc4 Ra4 Bxe6+ Kf8 d5 Ke7 Kc3 Kd6 Bf7 Rh4 Kb3 Rxh5 Kxa3 Rh4 Re1 Rh3+ Kb2 Rd3 Kc2 Rd4 Re6+ Kxd5 Re8+ Kd6 Rc8 Ke5 Re8+ Kf6 Re7 Kg5
107,yd5UNVM7,ritutoshniwal,ruchitoshniwal1,ruchitoshniwal1,d4 d5 Nf3 Nf6 e3 e6 Bd3 c5 Nbd2 cxd4 exd4 Bd6 c3 O-O O-O Re8 Qe2 Qc7 Bc2 e5 dxe5 Bxe5 Nxe5 Qxe5 Qd3 g6 Qf3 Bg4 Qg3 Qxg3 fxg3 Bd7 Rxf6 Re1+ Kf2 Re7 Nb3 Bc6 Nc5 Nd7 Bg5 Nxc5 Rxc6 Ne4+ Bxe4 Rxe4 Rc7 Rae8 Rxb7 Re2+ Kf1 Rc2 Bh6 g5 Re1 Rd8 Rbe7 f6 Re8+ Rxe8 Rxe8+ Kf7 Rf8+ Kg6 Bxg5 Rxb2
108,aDikTl5s,ruchitoshniwal1,ritutoshniwal,ruchitoshniwal1,d4 d5 Nf3 Nf6 Bg5 e6 Bxf6 Qxf6 e3 Nc6 c4 Bd6 Nc3 O-O cxd5 exd5 Nxd5 Qe6 Nc3 Qg6 g3 Bg4 Bg2 Bb4 O-O Bxc3 bxc3 Ne7 Ne5 Bxd1 Nxg6 Nxg6 Rfxd1 c6 c4 Rad8 c5 Rd7 Rab1 Rfd8 a4 a5 Rb6 Nf8 Rdb1 Ne6 Rxb7 Rxb7 Rxb7 Re8 Rb6 Rc8 Rxc6 Rxc6 Bxc6 Nd8 Bb5 Nb7 c6 Nd6 c7 Nxb5
109,nEaLK1eu,ritutoshniwal,ruchitoshniwal1,ruchitoshniwal1,d4 d5 e3 Nf6 Bd3 e6 Nf3 c5 Nbd2 Bd6 c3 O-O O-O cxd4 Qe2 dxc3 bxc3 e5 e4 dxe4 Nxe4 Nxe4 Qxe4 g6 Bh6 Re8 Ng5 Bf5 Qf3 Qd7 Bxf5 Qxf5 h4 Qxf3 Nxf3 Nc6 Rfd1 Bc7 Rd7 Bb6 Re1 e4 Ng5 Rab8 Rxf7 Rf8 Bxf8 Rxf8 Rxf8+ Kxf8 Ne6+ Ke7 Nd4 Nxd4 cxd4 Bxd4 Rxe4+ Kd6 Rxd4+ Kc6 Rc4+ Kb5 Rc2 Kb6 Rb2+ Kc6 Re2 b5 Re8 Kb6 Rb8+ Ka5 Rh8 b4 Rxh7 Ka4 Rg7 a5 Rxg6 Ka3 Ra6 a4
110,3adJnERw,ruchitoshniwal1,ritutoshniwal,ruchitoshniwal1,d4 d5 Nf3 Nf6 Bf4 Bg4 e3 e6 Be2 Nbd7 O-O Ne4 c4 Bxf3 Bxf3 Ndf6 Nd2 Bb4 Nxe4 dxe4 Be2 O-O Qb3 a5 a3 Bd6 Bxd6 cxd6 c5 Rb8 cxd6 Qxd6 Rfc1 Nd5 Bc4 Rfc8 Bxd5 exd5 Rc3 Rxc3 Qxc3 Qb6 Rc1 h6 b4 axb4 Qxb4 Qxb4 axb4 Ra8 f3 Ra4 fxe4 dxe4 Rb1 Kf8 Kf2 Ke7 Kg3 Kd6 Kf4 Kd5 b5 Kc4 b6 Rb4 Rxb4+ Kxb4 Kxe4 Kb5 Kd5 Kxb6 Kd6 Ka5 Ke5 b5 d5 b4 d6 b3 d7 b2 d8=Q+ Ka4 Qb8 Ka3 Qxb2+ Kxb2 Kd6 Kc2 Ke7 Kd3 Kxf7 Kxe3 Kxg7 Kf2 Kxh6 Kxg2 h4 Kh2 h5 Kh3 Kg6 Kh4 h6 Kg4 h7 Kf4 h8=Q
111,lkd1je3P,ritutoshniwal,ruchitoshniwal1,ruchitoshniwal1,d4 d5 Nf3 Nf6 e3 e6 Bd3 c5 c3 cxd4 Nbd2 dxe3 fxe3 Bd6 O-O Qc7 Qe2 O-O e4 dxe4 Nxe4 Nxe4 Qxe4 f5 Qh4 g6 Bh6 Rf7 Ng5 Rd7 Nxe6 Qb6+ Kh1 Rf7 b4 Bxe6 a4 a6 a5 Qc7 Rfe1 Qe7 Qd4 Rf6 Bc4 Nc6 Qf2 Bxc4 Rxe7 Bxe7 Bg5 Re6 Bxe7 Rxe7 Qc5 Rae8
112,iMiS8JQ5,ruchitoshniwal1,ritutoshniwal,ruchitoshniwal1,d4 Nf6 Nf3 g6 Bg5 Bg7 Bxf6 Bxf6 e3 Bg7 c4 O-O Be2 c6 O-O d5 Nc3 Bg4 cxd5 cxd5 Qb3 b6 Qxd5 Qxd5 Nxd5 Nc6 Bb5 Bxf3 gxf3 Rac8 Bxc6 e6 Ne7+ Kh8 Nxc8
113,iX7qdqoM,ritutoshniwal,ruchitoshniwal1,ruchitoshniwal1,d4 d5 Nf3 Nf6 e3 e6 Bd3 c5 Nbd2 Bd6 c3 O-O Qe2 cxd4 exd4 Re8 O-O Qc7 Nb3 e5 dxe5 Bxe5 Qc2 Bg4 Nxe5 Qxe5 h3 Be2 Bxe2 Qxe2 Qf5 Qe6 Qg5 Nc6 Qg3 Ne4 Qf3 g6 Bh6 f5 Rfe1 Qd6 Nd2 Nxd2 Re2 Nxf3+
114,HYNvoswR,ANONYMOUS,ruchitoshniwal1,ruchitoshniwal1,g4 e5 f3 Nc6 e4 Bc5 g5 d6 Bb5 Ne7 Bxc6+ bxc6 Ne2 d5 exd5 cxd5 Nd4 Rb8 Nc6 Nxc6 Kf1 Bg4 a3 d4 fxg4 O-O Kg1 Na5 Ra2 Nc4 d3 Ne3 Qe2 Bxa3 Bxe3 dxe3 Qxe3 Bxb2 Qxe5 Re8 Qe1 Rxe1+ Kg2 Qd5+ Kh3 Re3+ Kh4 h6 gxh6 gxh6 g5 Qxg5#
115,rrXid27J,vinodrulz10,ruchitoshniwal1,ruchitoshniwal1,e4 c5 c3 Nc6 d4 cxd4 cxd4 d6 d5 Ne5 Nc3 Nf6 f4 Ned7 Nf3 g6 Bd3 Bg7 O-O O-O Kh1 e5 dxe6 fxe6 Qc2 d5 e5 Ne8 Bxg6 hxg6 Qxg6 Qe7 Ng5 Rf5 Qh7+ Kf8 Qh3 Nc5 Be3 b6 Nxd5 exd5 Qf3 Ne4 Bc5 Nxg5 Qg4 Qxc5 Qxg5 Rf7 Rae1 Qe7 e6 Qxg5 f5 Qxf5 exf7 Qxf7 Rxf7+ Kxf7 Rf1+ Bf5 h3 Nf6
116,3gisp9pp,ruchitoshniwal1,abhisheknayr,ruchitoshniwal1,d4 d5 Nf3 Nf6 Bg5 Bg4 Bxf6 exf6 e3 Be7 Be2 O-O O-O c6 c4 dxc4 Bxc4 Nd7 h3 Bh5 g4 Bg6 Nh4 Nb6 Nxg6 hxg6 Bb3 Bd6 Nc3 Qd7 f4 Qe7 Qf3 Rae8 Rfe1 Bb4 d5 cxd5 Bxd5 Nxd5 Nxd5 Qc5 Nxb4 Qxb4 Rab1 Qa4 a3 Qb3 Kf2 g5 fxg5 fxg5 Kg2 Rd8 Re2 Rc8 Kg3 Rc2 Rxc2 Qxc2 e4 Qxb1 Qc3 Qxe4 h4 Qf4+ Kh3 gxh4 Kxh4 g5+ Kh5 Re8 Kh6
117,XE7Saqcc,chiragchess15,ruchitoshniwal1,ruchitoshniwal1,d4 d5 c4 e6 Nc3 Nf6 Nf3 Bb4 Bg5 Bxc3+ bxc3 O-O cxd5 exd5 e3 c6 Bd3 Nbd7 Qc2 Qa5 O-O b6 Rab1 Ba6 Ne5 Nxe5 dxe5 Bxd3 Qxd3 Ne4 f4 Qxa2 Rbd1 Qc4 Qc2 f6 exf6 gxf6 Bh4 Qxc3 Qe2 Rf7 Qg4+ Rg7 Qf5 Qxe3+ Kh1 Re8 Bxf6 Nxf6 Qxf6 Qe2 f5 Qxg2#
118,H6yKG4Xt,ruchitoshniwal1,mirza8888,ruchitoshniwal1,d4 d5 Nf3 Nf6 Bg5 e6 Bxf6 Qxf6 e3 Qd8 c4 Be7 Nc3 dxc4 Bxc4 O-O O-O Nc6 Qb3 b6 Rad1 Na5 Qb5 Nxc4 Qxc4 Bb7 d5 exd5 Nxd5 Bxd5 Rxd5 Qc8 Rfd1 Bd6 Ne5 Bxe5 Rxe5 c5 Re7 Rd8 Rxd8+ Qxd8 Qxf7+ Kh8 Qxg7#
119,hDxQYpZQ,wizardstick,ruchitoshniwal1,wizardstick,d4 d5 Nf3 Nf6 Bg5 e6 e3 Be7 Bd3 Ne4 Bxe7 Qxe7 Bxe4 dxe4 Nfd2 f5 c4 O-O Nc3 Nc6 Qh5 Qf7 Qxf7+ Rxf7 O-O-O e5 a3 exd4 exd4 Nxd4 Ndxe4 fxe4 Rxd4 Rxf2 Nxe4 Rxg2 Rd8+ Kf7 Rf1+ Kg6 Nc5 b6 Ne6 Bxe6 Rxa8 Bxc4 Rf4 Bd5 Rxa7 c6 Rb7 b5 Rbf7 Rxh2 R7f5 Be6 Re5 Rh1+ Kd2 Rh2+ Kc3 Rc2+ Kxc2 h6 Ree4 Kh7 Rxe6 g5 Rf7+
120,oSkfUSlg,ritutoshniwal,ruchitoshniwal1,ruchitoshniwal1,d4 d5
121,3qClE98q,bratemojdobri,ruchitoshniwal1,bratemojdobri,e4 c5 f4 Nc6 Nf3 d6 Bc4 Bg4 d3 Bxf3 Qxf3 Nd4 Nc3 Nxf3+ gxf3 Nf6 Rg1 g6 f5 Bg7 fxg6 fxg6 Bg5 e6 Bxe6 Qe7 Bd5 O-O-O O-O-O Qe5 f4 Qe8 e5 dxe5 fxe5 Nxd5 Bxd8 Nxc3 bxc3 Qxd8 Rde1 Bh6+ Kd1 Qa5 Ke2 Qxc3 Kf2 Qd2+ Kf1
122,gr5pACYB,ruchitoshniwal1,Tackyfire,Tackyfire,d4 Nf6 Nf3 e6 e3 b6 Bd3 Bb7 Nbd2 Be7 Qe2 O-O c3 d6 O-O Nbd7 e4 e5 dxe5 Nxe5 Nc4 Nxf3+ Qxf3 Re8 Qg3 Nxe4 Bxe4 Bxe4 Bh6 Bf8 Rfe1 Bg6 Rxe8 Qxe8 Be3 Qd7 Re1 Re8 h3 h6 Re2 Bd3 Bxh6 Bxc4 Rd2 Re1+ Kh2 d5 Rd4 Bd6
123,4fxHwFrK,Mudball99,ruchitoshniwal1,ruchitoshniwal1,d4 d5 c4 Nf6 Nf3 e6 Nc3 dxc4 Bg5 Be7 e4 O-O Bxc4 Nc6 Bb3 h6 Bh4 g5 Nxg5 hxg5 Bxg5 Nh7 Bxe7 Qxe7 e5 Qg5 O-O f5 exf6 Rxf6 Bc2 Bd7 Qd3 Qg7 Ne4 e5 Nxf6+ Nxf6 dxe5 Nxe5 Qe2 Bc6 Qxe5 Qxg2#
124,F3bCMEbg,kostas1996,ruchitoshniwal1,ruchitoshniwal1,e4 c5 Nf3 Nc6 Be2 d6 d3 Bg4 O-O Bxf3 Bxf3 e6 Re1 Nf6 c4 Be7 Nc3 O-O Be3 e5 Qd2 Nd4 Rab1 g6 Qd1 a6 Rc1 Rb8 b3 b5 Bxd4 exd4 Nd5 Nxd5 exd5 bxc4 bxc4 Bg5 Rc2 Qa5 Re4 Rb4 Rce2 Rfb8 h3 Rb1 Re8+ Kg7 Rxb8 Rxd1+ Kh2 Qc7 Ree8 Rc1 Rg8+ Kh6 h4 Bf6 g4 g5 hxg5+ Bxg5 Kh3 Qe7 Rbe8 Qf6 Rxg5 Qg6 Rb8 Qxg5 Be4 Rh1+ Kg2 Qh4 Kf3 Qh2 Ke2 Qh3 f3 Qf1+
125,jQIN7xNb,ruchitoshniwal1,ritutoshniwal,ritutoshniwal,d4 d5 Nf3 Nf6 Bg5 e6 e3 Bd6 c4 c6 Nc3 Nbd7 cxd5 exd5 Bd3 O-O O-O Be7 Qc2 h6 Bh4 Nb6 Rfe1 Nfd7 Bxe7 Qxe7 e4 dxe4 Rxe4 Qf6 Rae1 c5 dxc5 Nxc5 Re8 Nxd3 Qxd3 Bf5 Rxf8+ Rxf8 Qe3 Nc4 Qe2 Nd6 h3 Re8 Qd2 Rxe1+ Qxe1 Nc4 Qe2 Nd6 Qd2 Ne4 Nxe4 Bxe4 Qc3 Qxc3 bxc3 Bxf3 gxf3 Kf8 Kf1 Ke7 Ke2 Kd6 Kd3 Kc5 a3 a6 f4 Kb5 Kd4 Ka4 Kc5 Kxa3 Kb6 Kb3 Kxb7 Kxc3 Kxa6 Kd4 Kb6 Ke4 Kc6 Kxf4 Kd7 Kf3 Ke7 f5 Kf7 g5 Kg6 Kxf2 Kxh6 f4 Kxg5 f3 h4 Kg3 h5 f2 h6 f1=Q h7 Qc1+ Kg6 Qc6+ Kf7 Qc7+ Kg6 Qd6+ Kf7 Qd5+ Kg6 Qe4+ Kf7 Qd5+ Kg6 Qe4+ Kg7 Qg4+ Kf7 Qh5+ Kg7 Qg5+ Kf7 Qh6 Kg8 Qg5+ Kf8 Qh6+ Kg8 Qg6+ Kh8 Qg5
126,whSlmEm0,ruchitoshniwal1,El1poder,El1poder,d4 d5 Nf3 Nf6 Bf4 Bf5 e3 e6 c4 Bd6 Nc3 Bxf4 Bd3 Bxd3 Qxd3 Bh6 Ne5 Nbd7 O-O Nxe5 dxe5 Nd7 cxd5 Nxe5 Qb5+ c6 dxc6 Nxc6 Qxb7 Qc8 Qxc8+ Rxc8 Rad1 O-O Rd2 a6 Rfd1 Rfd8 Rxd8+ Rxd8 Rxd8+ Nxd8 Kf1 g6 Ke2 Bg7 a3 Bxc3 bxc3 Nb7 Kd3 h5 Kc4 Kf8 Kb4 Ke7 c4 Kd6 c5+ Nxc5 f3 f5 a4 Kc6 g3 Kd5 e4+ fxe4 fxe4+ Nxe4 Ka5 Nc3 Kxa6 Nxa4 Kb7 Nc3 Kc7 e5 Kd7 e4 Kc7 e3 Kd7 e2 Kc7 e1=Q Kd7 Qe6+ Kc7 Qc6+ Kb8 Qd7 Ka8 Nb5 Kb8 Qc7+
127,rl1ZGdUu,ruchitoshniwal1,DukeJordan,ruchitoshniwal1,d4 d5 Nf3 Nf6 e3 e6 Bd3 Bd6 Qe2 h6 O-O O-O c3 c5 Nbd2 Nc6 e4 dxe4 Nxe4 Nxe4 Qxe4 f5 Qe2 cxd4 Nxd4 Nxd4 cxd4 Be7 Bc4 Qd6 g3 Bf6 Bf4 Qe7 d5 e5 d6+
128,fIqGEJo8,muhammedcagrikacar,ruchitoshniwal1,muhammedcagrikacar,e4 c5 Nf3 Nc6 d4 cxd4 Nxd4 g6 Nc3 Bg7 Nxc6 bxc6 Bd3 Nf6 Bd2 O-O O-O d5 e5 Nd7 f4 f6 e6 Nb6 f5 gxf5 Bxf5 Qd6 Qh5 h6 Rf3 Bxe6 Bxe6+ Qxe6 Bxh6 Bxh6 Qxh6 Qf7 Rg3+
129,FRxbrXAY,ruchitoshniwal1,PentaPig,PentaPig,d4 d5 Nf3 Nc6 Bf4 Nf6 e3 e6 c4 Bd6 Nc3 Bxf4 exf4 dxc4 Ne5 Qxd4 Qxd4 Nxd4 Bxc4 O-O O-O Nc2 Rac1 Nb4 a3 Nbd5 Nxd5 exd5 Bb3 Be6 Rcd1 Rad8 Nf3 Rd6 Ng5 Rb6 Nxe6 fxe6 Rd3 Ne4 Bc2 Nc5 Rc3 Rxb2 Rxc5 b6 Rxc7 Ra2 Re1 Re8 h3 Rxa3 f5 e5 Rd7 d4 Rxd4 exd4 Rxe8+ Kf7 Rc8 Ra1+ Kh2 Ra2 Kg3 Rxc2 Rxc2 a5 Ra2 Kf6 Rd2 Kxf5 Rb2 Ke5 Rxb6 d3 Ra6 Kd4 Rd6+ Kc3 Rxd3+ Kxd3 Kf4 a4 Ke5 a3 Ke6 a2 Kf7 a1=Q
130,UpRzmGrH,Aakarsh_00,ruchitoshniwal1,ruchitoshniwal1,d4 d5 Nc3 Nf6 e4 dxe4 f3 exf3 Nxf3 e6 Bd3 c5 Ne2 cxd4 Nexd4 Nc6 O-O Bc5 Be3 Bxd4 Nxd4 Nxd4 Bb5+ Nc6 Qd3
131,mNWugekT,ruchitoshniwal1,shaimaelnady,shaimaelnady,d4 d5 Nf3 Bf5 Bf4 e6 e3 Nf6 Bd3 Bxd3 Qxd3 Nc6 Nbd2 Bb4 c3 Bd6 O-O Bxf4 exf4 Ne4 Ne5 f5 Nxe4 fxe4 Qb5 O-O Nxc6 bxc6 Qxc6 Qe7 f3 Rab8 fxe4 dxe4 Rfe1 Rxb2 Rxe4 Qf6 Qxe6+ Kh8 Qxf6 gxf6 Re7 f5 Rxc7 Rg8 g3 Re8 Rf1 Ree2 Rc8+ Kg7 Rc7+ Kg6 Rc6+ Kh5 Rc7 Rg2+ Kh1 Rxh2+ Kg1 Rbg2#
132,PCrXUdZo,ruchitoshniwal1,uditvora,ruchitoshniwal1,e4 e5 Nf3 Nc6 Nc3 Nf6 Bc4 Bc5 d3 d6 O-O h6 h3 g5 a3 a6 Bd2 b5 Bb3 Nh5 Nd5 a5 a4 Rb8 axb5 Rxb5 Ba4 Na7 Bxb5+ Nxb5 Rxa5 c6 Nc3 Qxa5 Nxb5 Qxb5 Qa1 Ba6 b4 Bb6 c4 Qxb4 Bxb4 c5 Ba5 Bd8 Bxd8 Kxd8 Qxa6 Ke8 Qc8+ Ke7 Qxh8
133,W3MesRwS,ritutoshniwal,ruchitoshniwal1,ruchitoshniwal1,Nf3 d5 d4 Nf6 e3 e6 Bd3 c5 c3 Bd6 Nbd2 O-O Qe2 Re8 O-O e5 dxe5 Bxe5 Nxe5 Rxe5 Nb3 c4 Nd4 cxd3 Qxd3 Nc6 Nxc6 bxc6 Qd4 Re6 Bd2 Qb6 Qxb6 axb6 c4 dxc4 Bc3 Bb7 a3 b5 Rad1 c5 Rfe1 Ne4 f3 Nxc3 bxc3 Rae8 e4 f5 Kf2 fxe4 fxe4 Rxe4 Rxe4 Rxe4 Rd8+ Kf7 Rb8 Re7 Kg3 Kg6 Kg4 Re3
134,OA3eLr6L,ritutoshniwal,ruchitoshniwal1,ruchitoshniwal1,e4 c5 Nf3 Nc6 Nc3 d6 d3 Bg4 Bg5 Bxf3 Qxf3 Nf6 Bxf6 exf6 Nd5 Ne5 Qe2 Be7 f3 O-O O-O-O a5 h4 a4 h5 a3 b3 b5 h6 g6 Qf2 c4 dxc4 bxc4 Bxc4 Nxc4 bxc4 Rb8 Kd2 Qa5+ Ke2 Rfe8 Nxe7+ Rxe7 Qh4 Qc3 Rd2 g5 Qg3 d5 cxd5 Rd8 Qc7 Qxc7 c4 Qa5 c5 Qxc5 Rhd1 Qb5+
135,JUyQ2bS5,ruchitoshniwal1,ritutoshniwal,ruchitoshniwal1,d4 d5 Nf3 Nf6 Bf4 e6 e3 Bb4+ c3 Be7 Nbd2 Nbd7 Bd3 O-O O-O c6 Bc2 Nb6 Nb3 Nc4 Bd3 Bd6 Bxc4 Bxf4 exf4 dxc4 Nbd2 b5 Re1 Qc7 g3 Nd5 Qc2 a5 b3 cxb3 Qxb3 a4 Qc2 Re8 c4 Nb6 cxb5 Bd7 bxc6 Qxc6 Qxc6 Bxc6 Ne5 Bb7 Rab1 Ra6 Rb2 Rb8 Reb1 Nd5 Kf1 Ra7 Rc1 Ba6+ Ke1 Nf6 Rxb8+
136,2yIpP4kJ,ritutoshniwal,ruchitoshniwal1,ritutoshniwal,e4 c5 Nf3 Nc6 Bb5 d6 d4 cxd4 Nxd4 Bd7 Bxc6 Bxc6 Nxc6 bxc6 Nc3 Nf6 Bg5 g6 Qd2 Bg7 O-O O-O Bh6 e5 Bxg7 Kxg7 Rfd1 d5 exd5 cxd5 Nxd5 Nxd5 Qxd5 Qd6 Qxd6 Rfd8 Qxe5+ f6 Qe7+ Kh6 Rxd8 Rxd8 Qxd8 Kg5 Rd1 Kh5 Rd5+ g5 Qh8 h6 Qe8+ Kh4 g3+ Kh3 Qe6+ g4 Qxf6
137,quds49Wm,sirjom,ruchitoshniwal1,ruchitoshniwal1,e4 c5 Qf3 Nc6 Bc4 Ne5 Qe2 Nxc4 Qxc4 d6 Qe2 Nf6 Nc3 g6 d3 Bg7 Bg5 O-O h4 h6 Bxf6 h5 Bg5 f6 Bf4 e5 Be3 g5 g4 gxh4 Rxh4 hxg4 f3 gxf3 Qxf3 Qe7 Qg3 Qf7 Bh6 f5 O-O-O Be6 Nf3 f4 Qg5 Qf6 Qh5 Qxh6 Qxh6 Bxh6 Rxh6 Rfe8 Rg1+ Kf8 Rf6+ Ke7 Rh6 Kd7 Rg7+ Kc6 Nb5 a6 a4 axb5 Rc7+ Kxc7 Rh7+ Kc6 Ng5 Rxa4 b3 Ra1+ Kb2 Rf8 Kxa1 Rg8 Kb2 Rxg5 Re7 Rg2 Rxe6 Kc7 Re7+ Kd8 Rh7 Ke8 d4 Kd8 dxc5 dxc5 Rh6 Rxc2+
138,MoPVucM3,Avais03,ruchitoshniwal1,ruchitoshniwal1,d4 d5 c4 Nf6 Nc3 e6 cxd5 exd5 Nf3 Bb4 Qc2 Bxc3+ Qxc3 Nc6 e3 Be6 Bb5 O-O Bxc6 bxc6 O-O Qd6 Ne5 Bd7 Bd2 Ne4 Qc2 f6 Nxd7 Qxd7 Bb4 Rfe8 f3 Ng5 Rae1 Ne6 e4 dxe4 Qxe4 Qxd4+ Qxd4 Nxd4 Rxe8+ Rxe8 Rd1 Ne2+ Kf2 Nf4 g3 Nd5 Bc3 Nxc3 bxc3 Re7 Rd8+ Kf7 Rd4 a5 Ra4 Re5 Rc4 Rb5 Rxc6 Rb2+ Kg1 Rxa2 Rxc7+ Kg6 Rc4 a4 Rc7 a3 Ra7 Ra1+ Kg2 a2 Kh3 Rc1 Rxa2 Rxc3 Re2 f5 f4 h6 Re6+ Kh7 Re5 g5 Re7+ Kg6 Re5 gxf4 Kh4 fxg3 hxg3 Rc4+ Kh3 Rg4 Kg2 h5 Re6+ Kg5 Re5 h4 Re8 Rxg3+ Kh2 Kf4 Rh8 h3 Rxh3 Rxh3+ Kxh3 Ke3 Kg2 Ke2 Kg3 f4+ Kxf4
139,GD1uXoHB,ruchitoshniwal1,Justice_one,ruchitoshniwal1,d4 d5 Nf3 e6 Bf4 Nf6 e3 Bd6 c4 Bxf4 exf4 dxc4 Bxc4 Nc6 Ne5 Qxd4 Qxd4 Nxd4 O-O O-O Nc3 b6 Nb5 c6 Nxd4 Bb7 Ndxc6 Rac8 Ne7+ Kh8 Nxc8 Bxc8 Be2 Bb7 Bf3 Bxf3 gxf3 Nd5 Ng4 Nxf4 Rfd1 Rc8 Rd7 f5 Ne5 a5 Rad1 Rc1 Rd8#
140,z8dOQ1B8,ruchitoshniwal1,simorq,simorq,d4 Nf6 Nf3 e6 Bg5 d5 Bxf6 Qxf6 e3 c5 c3 cxd4 cxd4 Bb4+ Nc3 Nc6 Qb3 O-O Bb5 Bxc3+ Qxc3 Bd7 Bxc6 Bxc6 O-O Rac8 Ne5 Bb5 Qe1 Bxf1 Qxf1 Rc2 Rb1 Rfc8 Qd3 Qf5 Qb3 b6 h3 Qxf2+
141,sseS7FGb,ruchitoshniwal1,terrbaula,ruchitoshniwal1,d4 h6 Nf3 g5 e3 Bg7 Nfd2 d6 c3 a6 Bd3 b5 Nb3 Bb7 c4 Bxg2 Rg1 Bb7 cxb5 axb5 Bxb5+ c6 Bd3 Nf6 Nc3 d5 Qf3 O-O e4 dxe4 Nxe4 Nxe4 Qxe4 Qd7 Qh7#
142,cNtytvqk,trevosucks,ruchitoshniwal1,trevosucks,e4 c5 Nc3 Nc6 Nf3 d6 d4 cxd4 Nxd4 Nxd4 Qxd4 Nf6 Bg5 e5 Bxf6 Qxf6 Qd3 Be7 Nd5 Qg6 Nxe7 Kxe7 O-O-O Be6 Be2 Rac8 Qxd6+ Ke8 Bb5+ Rc6 Qd8#
143,87K3FYEn,Oprean,ruchitoshniwal1,ruchitoshniwal1,e4 c5 Nc3 Nc6 Nf3 d6 Bb5 Bd7 d4 cxd4 Nxd4 Nxd4 Bxd7+ Qxd7 Qxd4 Nf6 e5 dxe5 Qxe5 Qe6 Qxe6 fxe6 Bg5 g6 Bxf6 exf6 O-O-O Bg7 Rhe1 e5 Ne4 O-O Nd6 Rfd8 Nxb7 Rxd1+ Rxd1 Rb8 Nc5 Rc8 Nb3 f5 f3 e4 f4 Bh6 g3 g5 Rd6 Bf8 Ra6 Re8 fxg5 e3 Kd1 e2+ Ke1 Bb4+ c3 Bf8 Rxa7 h6 Ra5 hxg5 Rxf5 Bh6 g4 Kg7 h3 Kg8 Rf2 Bg7 Nd2 Be5 Nf3 Bg3 Nxg5 Bxf2+ Kxf2 e1=Q+ Kf3 Rf8+ Kg2 Qe2+ Kg3 Qe3+ Kh4 Rf6 c4 Rh6#
144,xoWBIZf4,vikram_c99,ruchitoshniwal1,ruchitoshniwal1,d4 d6 Bf4 Nf6 e3 e6 Bg3 d5 c3 Bd6 Nd2 O-O Ngf3 Bd7 Bxd6 cxd6 Be2 Bc6 O-O Re8 Qc2 e5 Bd3 e4 Bxe4 dxe4 Ne1 Nbd7 f3 exf3 Rxf3 Bxf3 Ndxf3 Rxe3 Ng5
145,zBMpjOni,ruchitoshniwal1,Sbonelo914,ruchitoshniwal1,d4 d6 Nf3 Nf6 Bf4 g6 e3 Bg7 Bd3 O-O c4 Nfd7 Nc3 f5 O-O e6 Bg3 Nf6 e4 Nbd7 e5 dxe5 Nxe5 Nxe5 Bxe5 Nd7 Re1 Nxe5 dxe5 Bd7 Bc2 Qc8 Bb3 c5 Nb5 a6 Nd6 Qc6 Qf3 Qxf3 gxf3 Rab8 Red1 Bc6 Rd3 Bxe5 Rad1 Bxb2 R1d2 Be5 Bc2 Bxd6 Rxd6 Bxf3 Rxe6 Rbe8 Rdd6 Rxe6 Rxe6 Kf7 Rb6 Rd8 h3 Rd2 Bb3 Be4 Kh2 Rxf2+ Kg3 Rf3+ Kh2 Kg7 Rxb7+ Kh6 Rxh7+ Kxh7 Kg1 Kh6 Kg2
146,GJ6IWgZb,ruchitoshniwal1,e1tronics,ruchitoshniwal1,d4 c5 Nf3 cxd4 Nxd4 e5 Nf3 Nc6 e3 Bc5 Bd3 Nf6 Nbd2 Qe7 e4 d5 exd5 Nxd5 Qe2 O-O O-O Nf4 Qe1 Nxd3 cxd3 Nd4 Nxd4 Bxd4 Ne4 Bf5 Nc3 Rac8 Bd2 Bxd3 Ne2 Bxb2 Rb1 Bxb1 Qxb1 Bd4 Bb4 Qe8 Bxf8 Kxf8 h3 b6 Nxd4 exd4 Re1 Qc6 Qb4+ Qc5 Qxc5+ bxc5 f3 c4 Kf2 d3 Rd1 Ke7 Ke3 Kd6 Kd2 Kc5 Kc3 Rd8 a4 d2 Rxd2 Rxd2 Kxd2 Kd4 a5 f5 Kc2 g5 g4 fxg4 hxg4 Ke3 Kc3 Kxf3 Kxc4 Kxg4 Kb5 Kf4 Ka6 g4 Kb7 g3 Kxa7 g2 Kb7 g1=Q a6
147,ZIjPMGwG,e1tronics,ruchitoshniwal1,ruchitoshniwal1,e4 c5 Nf3 Nc6 d4 cxd4 Nxd4 Nxd4 Qxd4 d6 Nc3 Nf6 Bg5 e5 Qd3 Be7 O-O-O O-O f4 exf4 Bxf4 Be6 Bxd6 Bxd6 Qxd6 Qxd6 Rxd6 Rfd8 Rxd8+ Rxd8 Bb5 Bg4 h3 Bh5 g4 Bg6 Bd3 Re8 Re1 h5 e5 Nd7 Bxg6 fxg6 gxh5 gxh5 e6 Nf8 e7 Ng6 Nd5 Kf7 Kd2 Nxe7 Nxe7 Rxe7 Rxe7+ Kxe7 Ke3 Kf6 Kf4 g5+ Kg3 h4+ Kg4 b5 b3 a5 a3 b4 axb4 axb4 Kf3 Ke5 Kg4 Kf6 Kh5 Kf5 Kh6 Kf4 Kh5 Kf5 Kh6 g4 hxg4+ Kxg4 Kg6 h3 Kf6 h2 Ke6 h1=Q Kd6 Qd1+ Kc5 Qxc2+ Kxb4 Qxb3+ Kxb3
148,jMTgKb50,ruchitoshniwal1,salchak017,ruchitoshniwal1,d3 d5 d4 Nf6 Nf3 e6 e3 a6 Bd3 b5 c3 Bb7 Nbd2 Nbd7 Qe2 c5 dxc5 Bxc5 O-O O-O e4 dxe4 Nxe4 h6 Nxf6+ Nxf6 Be3 Qb6 Bxc5 Qxc5 Ne5 Rfd8 Qe3 Qxe3 fxe3 Rd5 Ng6
149,ZQ1GZ8fM,ruchitoshniwal1,chokrmohamad,chokrmohamad,d4 e6 Nf3 d5 e3 Nf6 Bd3 Bd6 c3 Nbd7 Nbd2 Qe7 Qe2 O-O O-O e5 dxe5 Nxe5 Nxe5 Qxe5 f4 Qe7 e4 dxe4 Nxe4 Nxe4 Qxe4 Qxe4 Bxe4 c6 Bf3 Bf5 Bd2 Rad8 Rad1 Bc5+ Kh1 Rfe8 b4 Bb6 c4 Bc2 c5 Bc7 Rc1 Rxd2 a3 a6 Rfe1 Rxe1+ Rxe1 Kf8 h3 g6 Be4 Bxe4 Rxe4 Rf2 Kg1 Rxf4 Rxf4 Bxf4 Kf2 Bc1 a4 Ba3 b5 Bxc5+ Ke2 axb5 Kd3 bxa4 Kc3 b5 Kb2 Ke7 Ka2 Kd6 Kb1 Kd5 Ka2 Kd4 Kb2 b4 Ka2 Kc3 Kb1 b3 Kc1 Be3+ Kb1 a3 Ka1 Kc2 g3 Bd4#
150,3fAV6Wpb,YESIL_FurkanBilal,ruchitoshniwal1,ruchitoshniwal1,d4 d5 Nf3 Nf6 c4 e6 Nc3 c6 Bg5 Be7 cxd5 cxd5 e3 O-O Bd3 Nc6 O-O Bd6 Rc1 Re8 Nb5 e5 Nxd6 Qxd6 dxe5 Nxe5 Nxe5 Qxe5 Bf4 Qe7 Rc7 Qe6 Bb5 Re7 Rxe7 Qxe7 Bg5 Bd7
151,3fK3pVL2,kastriotrevaj,ruchitoshniwal1,kastriotrevaj,e4 c5 d4 cxd4 c3 Nc6 cxd4 d6 Nc3 Nf6 Nf3 g6 Bd3 Bg4 Be3 Bg7 O-O O-O h3 Bxf3 Qxf3 e5 d5 Nd4 Qd1 Nd7 Qd2 Nc5 Bb1 Nb5 Nxb5 Qb6 Nc3 Qc6 b4 Qa6 bxc5 dxc5 Bd3 Qd6 Bh6 a6 Bxg7 Kxg7 Ne2 b5 f4 c4 Bc2 exf4 Rxf4 Qxf4 Nxf4 Rfe8 Re1 Re5 Qd4 Re8 d6 Rd8 d7 f6 Nd5 Rxd5 Qxd5 Kh6 Qe6 Rxd7 Bd3 Kg5 Qxd7 Kh6 e5 Kg5 Qe7
152,3Dgvl4wE,ritutoshniwal,ruchitoshniwal1,ruchitoshniwal1,d4 d5 Nf3 Nf6 e3 e6 Bd3 c5 c3 cxd4 cxd4 Bd6 Nbd2 O-O O-O Nc6 Qe2 Qe7 e4 dxe4 Nxe4 Nxe4 Qxe4 g6 Bh6 Re8 Rfe1 f5 Qe2 Qf7 Qc2 Be7 Qc3 Bd7 Ne5 Nxe5 Rxe5 Bf6 Re3 Bg7 Rh3 Bxh6 Rxh6 Qg7 Rh3 e5 dxe5 Qxe5 Qxe5 Rxe5 Bc4+ Be6 Bxe6+ Rxe6 Rd1 Rae8 f3 Re2 Rb1 Rc8 Rh4 Rcc2 Rb4 b6 a4 Kf7 Kf1 Rf2+ Ke1 Rxg2 Kd1 Rcf2
153,yQmJKRhG,ruchitoshniwal1,ritutoshniwal,ruchitoshniwal1,d4 d5 Nf3 Nf6 Bf4 e6 e3 Bb4+ c3 Bd6 Bd3 Bxf4 exf4 c6 Ne5 Nbd7 O-O Qc7 Nd2 O-O Nb3 Ne4 Bxe4 dxe4 Re1 f5 Qe2 Nxe5 fxe5 Bd7 f3 Be8 fxe4 fxe4 Qxe4 Bg6 Qg4 Qf7 Rf1 Qe8 Nc5 Bf7 Rf3 Qe7 Raf1 Rae8 Ne4 Bg6 Rxf8+ Rxf8 Rxf8+ Qxf8 Nd6 Qe7 h3 Bf5 Nxf5 exf5 Qxf5 Qf7 Qxf7+ Kxf7 Kf2 Ke6 Ke3 Kd5 g4 c5 Kd3 c4+ Ke3 b5 Kf4 Kc6 a3 a5 Kf5 b4 axb4 axb4 cxb4
154,XoAM0E23,ritutoshniwal,ruchitoshniwal1,ruchitoshniwal1,d4 d5 Nf3 Nf6 e3 e6 Bd3 c5 c3 Bd6 Nbd2 O-O Qe2 cxd4 cxd4 Nc6 O-O Re8 e4 dxe4 Nxe4 Nxe4 Qxe4 g6 Bh6 f5 Qe2 Bf8 Bg5 Be7 Bh6 Nxd4 Nxd4 Qxd4 Qxe6+ Bxe6 Rfe1 Bf8 Bxf8 Kxf8
155,jEIMW3ku,ruchitoshniwal1,Juancharrasquiado,ruchitoshniwal1,d4 d5 Nf3 Bg4 e3 Nc6 Be2 Nf6 c4 e6 Nc3 Bb4 O-O Bxc3 bxc3 O-O cxd5 exd5 Ne5 Bf5 Nxc6 bxc6 Bd3 Qd7 Bxf5 Qxf5 Bb2 Ne4 Qf3 Ng5 Qxf5 g6 Qxg5 Rfe8 Rfe1 Re6 Qf6 Rxf6 e4 dxe4 Rxe4 Re6 Rae1 Rae8 Rxe6 Rxe6 Rxe6 fxe6 Kf1 Kf7 Ke2 Ke7 f4 Kd6 Ke3 Kd5 g4 Kc4 h4 Kb5 Ke4 Kc4 f5 exf5+ gxf5 gxf5+ Kxf5 Kd3 Kf6 Kc2 Ba3 Kxc3 Bc5 Kc4 Kg7 Kc3 Kxh7 Kb2 Kg7 Kxa2 h5 a5 h6 a4 h7 Kb2 h8=Q a3 Qh2+ Kb1 Qh1+ Kc2 Kf7 Kd3 Ke7 Ke3 Kd7 Ke2 Kxc7 a2 Kxc6 a1=Q Qxa1 Kf3 Qc3+ Kf4 d5
156,xYICjaJQ,ruchitoshniwal1,ANONYMOUS,ANONYMOUS,e4 d6 Nf3 c6 Bc4 b5 Bb3 Nd7 d3 Nh6 Bxh6 gxh6 O-O h5 e5 dxe5 Nxe5 Nxe5 Re1 Ng6 Qf3 f6 Nc3 Ne5 Qd1 Bg4 Qd2 Bf5 Re2 Nf7 Bxf7+ Kd7 h3 Bxh3 gxh3 Qa5 Be6+ Kd6 Ne4+ Kc7 Rae1 Qxd2 Rxd2 Bh6 Bf7 Bxd2 Nxd2 e5 Bg8 Rhxg8+ Kh2 Rg2+ Kh1 Rg1+ Kh2 Rgg8 Kh1 Rg5 Re3 Rag8 Kh2 Rg1 f3 R8g2#
157,LlbGfVLS,ritutoshniwal,ruchitoshniwal1,ritutoshniwal,d4 d5 Nf3 e6 e3 Nf6 Bd3 c6 Nbd2 Bd6 O-O O-O Qe2 Bd7 e4 dxe4 Nxe4 Qc7 Nxf6+ gxf6 Qe4 f5 Qh4 Re8 Ng5 Be7 Qxh7+ Kf8 Qxf7#
158,EI9pBUbO,ruchitoshniwal1,ritutoshniwal,ruchitoshniwal1,d4 d5 Nf3 Nf6 Bf4 e6 e3 c5 c4 Nc6 dxc5 Bxc5 cxd5 exd5 Nc3 Be6 Bb5 O-O Bxc6 bxc6 O-O Rb8 Nd4 Rxb2 Nxe6 fxe6 f3 Rb8 Bxb8 Qxb8 Re1 Nd7 Qb3 Qc7 Kh1 Ne5 e4 Qf7 exd5 Nxf3 Rf1 Nd2 Rxf7 Nxb3 Rxf8+ Kxf8 axb3 exd5 Ra5 Bd4 Ne2 c5 Nxd4 cxd4 Rxd5
159,RAaygNk5,ritutoshniwal,ruchitoshniwal1,ruchitoshniwal1,d4 d5 Nf3 Nf6 e3 e6 Bd3 c5 c3 Nc6 Nbd2 cxd4 exd4 Bd6 O-O O-O Qe2 Re8 Bc2 e5 dxe5 Nxe5 Nxe5 Rxe5 Qd3 Bf5 Qf3 Bxc2
160,fY9SGH2q,ruchitoshniwal1,ritutoshniwal,ruchitoshniwal1,d4 d5 Nf3 Nf6 Bf4 e6 e3 Bb4+ c3 Bd6 Bd3 Bxf4 exf4 Qd7 Ne5 Qd6 O-O Nbd7 Nd2 Nxe5 fxe5
161,kIVOf7Cz,ritutoshniwal,ruchitoshniwal1,ruchitoshniwal1,e4 c5 Nf3 Nc6 d3 d6 Nc3 Bg4 d4 cxd4 Ne2 Nf6 Nfxd4 Nxd4 Qxd4 Bxe2 Bxe2 g5 Bxg5 Bg7 Qa4+ Qd7 Qxd7+ Nxd7 c3 O-O Bb5 Ne5 O-O h6 Bxe7 Rfe8 Bxd6 Re6 Bb4 Rb6 Be2 a5 Bc5 Rxb2 Bd4 Rc2 Bxe5 Bxe5 Bd3 Rxc3 Rfd1 Rxd3 Rxd3 Bxa1 Rd1 Bg7 Re1 Kh7 e5 Rf8 f4 Re8 g3 f6 Kf2 fxe5 fxe5 Rxe5 Rxe5 Bxe5 Kf3 Bc3 h3 b5 g4 b4 Ke4 a4 Kf5 b3 axb3 axb3 Ke6 b2
162,QaLjaedp,ruchitoshniwal1,SirixAnna,ruchitoshniwal1,e4 e5 Nf3 Nf6 Nc3 Nc6 Bc4 Bc5 Ng5 O-O O-O d6 Nxf7 Rxf7 Bxf7+ Kxf7 Qf3 Bg4 Qg3 Nd4 Kh1 Nxc2 Rb1 Qd7 d3 Nd4 Bg5 Rh8 h3 Be6 Bxf6 gxf6 Rfe1 h5 Qf3 Bg4 Qe3 Be6 Nd5 Nc2 Qf3 Nxe1 Qxf6+ Ke8 Rxe1 Rf8 Qg6+ Bf7 Nf6+ Kd8 Nxd7 Bxg6 Nxf8 Bf7 Nh7 Bxf2 Rf1 Bg6 Rxf2 Bxh7 Rf7 Bg6 Rg7 Be8 g4 hxg4 hxg4 c5 g5 b5 Rg8 c4 dxc4 bxc4 g6 d5 exd5 e4 g7 e3 Rf8 e2 g8=Q e1=Q+ Kh2 Qe5+ Kg2 Qxb2+ Rf2 Qe5 Kf3 Kd7 Qg4+ Kd6 Re2 Qxd5+ Qe4 Qf7+ Kg4 c3 Qd4+ Qd5 Qxc3 Bd7+ Kg3 Qg5+ Kf2 Qh4+ Kg2 Qg4+ Qg3+ Kc5 Qxg4 Bxg4 Re4 Kd5 Rxg4 a5 Kf2 Kc5 a4 Kb6 Ke2 Kc5 Kd2 Kb6 Kc3 Kc5 Kb3 Kb6 Kc4 Ka6 Rg5 Kb6 Rb5+ Ka6 Kc5 Ka7 Rxa5+ Kb7 Rb5+ Ka6 a5 Ka7 Rb3 Ka8 Kb6 Kb8 a6 Ka8 Re3 Kb8 Re8#
163,BpH6f10F,ruchitoshniwal1,OsamaSadat,OsamaSadat,d4 c6 Nf3 d5 Bf4 Bf5 e3 Nf6 c4 e6 Nc3 Be7 cxd5 cxd5 Ne5 O-O Bb5 a6 Bd3 Nc6 Bxf5 exf5 O-O g6 Nxc6 bxc6 Qb3 Re8 a3 Bf8 Na4 Ne4 Nc5 Nd2 Qc3 Nxf1 Rxf1 Qb6 Rb1 Rad8 Qd3 Bxc5 dxc5 Qxc5 b4 Qf8 h3 d4 exd4 Rd5 Qc4 Red8 Rd1 Qg7 Qxc6 Rxd4 Rxd4 Qxd4 Be3 Qd1+ Kh2 Qd6+ Qxd6 Rxd6 Bc5 Rc6 Kg3 a5 Be7 Ra6 Kf4 axb4 Bxb4 Rb6 Bc5 Re6 Bb4 Re4+ Kf3 Rc4 Kg3 Rc2 Kh2 Rxf2 Kg3 Ra2
164,os94I5aJ,novastar9,ruchitoshniwal1,ruchitoshniwal1,e4 c6 d4 d5 exd5 cxd5 Nc3 Nf6 Nf3 e6 Bg5 Bb4 Qd2 Bxc3 Qxc3 O-O O-O-O h6 Bh4 g5 Bg3 Nc6 Be5 Nxe5 Nxe5 Ne4 Qe3 f6 f3 fxe5 fxe4 dxe4 Qxe4 exd4 Rxd4 Qf6 Bd3 Qf4+ Kb1 Qxe4 Bxe4 Rb8 Rc4 b6 Rd1 Bb7 Bxb7 Rxb7 Rcd4 Re7 Rd7 Rxd7 Rxd7 Rf1+ Rd1 Rxd1#
165,3sI3dtWq,mikilav,ruchitoshniwal1,ruchitoshniwal1,c4 c5 Nc3 e6 f3 d5 e4 d4 Nb5 Bd7 a4 Nf6 d3 a6 Na3 Nc6 Bg5 Be7 Bxf6 Bxf6 Nh3 O-O Nf4 e5 Nd5 Be6 Be2 Bxd5 O-O Be6 Nc2 Rb8 Qc1 b5 f4 exf4 Qxf4 b4 Ne1 a5 Bg4 Bxg4 Qxg4 Qc8 Qg3 Be7 Nf3 g6 Nh4 Bxh4 Qxh4 Qd8 Qg3 Ne7 Rae1 f5 e5 Nc6 e6 Qe7 b3 Rf6 Qxb8+ Nxb8 Re5 Rxe6 Rd5 Rd6 Rxd6 Kf7 Re1 Qxe1#
166,xEOlUrr0,ruchitoshniwal1,Batman_17,Batman_17,d4 d6 Nf3 Nf6 Bg5 g6 Bxf6 exf6 Qd3 Bg7 Qe3+ Qe7 Qxe7+ Kxe7 e3 Nd7 c4 Nb6 Nc3 f5 Be2 Bd7 O-O c6 Rad1 d5 cxd5 Nxd5 Nxd5+ cxd5 Bd3 Rhc8 Ne5 Bxe5 dxe5 Rc7 f4 Rac8 b3 a6 Rf2 f6 exf6+ Kxf6 Be2 Rc2 Bf1 h5 Rxc2 Rxc2 Rxd5 Bc6 Ra5 Rc3 Bc4 Rxe3 Kf2 Re4 g3 Rd4 Ke3 Rd6 a4 Be4 Rc5 Rd1 Ke2 Rh1 h4 Rh2+ Ke3 Rg2 Bd5 Rxg3+ Ke2 Rg4
167,LmGGjzRg,ruchitoshniwal1,maksimovoo,ruchitoshniwal1,d4 g6 Nf3 Bg7 Bf4 e6 e3 Ne7 c4 O-O Nc3 c6 Be2 d5 O-O dxc4 Bxc4 Nd5 Nxd5 exd5 Bb3 Bg4 Re1 Nd7 h3 Bxf3 Qxf3 a5 e4 Nf6 e5 Ne4 Bc2 f5 g4 fxg4 hxg4 g5 Bxe4 Rxf4 Qd3 dxe4 Rxe4 Rxe4 Qxe4 Qe7 Rd1 Rf8 b3 Qf7 Qe3 Qe7 d5 Bxe5 Re1 Qf6 dxc6 Bc7 cxb7 Bb6 Qe6+ Qxe6 Rxe6 Bxf2+ Kg2 Ba7 Re7
168,aK4niGXn,Corcy,ruchitoshniwal1,ruchitoshniwal1,e4 c5 Nf3 Nc6 Bc4 d6 d4 cxd4 Nxd4 Bd7 Nxc6 Bxc6 Bb3 Nf6 Qd3 g6 Qc4 e6 e5 dxe5 O-O Bd6 Nc3 O-O Rd1 Bd5 Qb5 a6 Qb6 Qxb6 Bxd5 exd5 Be3 d4 Bxd4 exd4 Na4 Qb4 b3 b5 c3 dxc3 Nb2 cxb2 Rab1 Qc3 Rxb2 Qxb2 h3 Rac8 Rxd6 Rc1+ Kh2 Qe5+ g3 Qxd6 a4 Qd2 axb5 Rc2 h4 Qxf2+ Kh3 Qh2#
169,YGlWgu8S,maksimovoo,ruchitoshniwal1,maksimovoo,d4 d5 c4 Nf6 e3 e6 cxd5 Nxd5 Nf3 Nf6 Bd3 Be7 O-O O-O Nc3 c6 e4 Bd7 e5 Nd5 Nxd5 cxd5 Bc2 Bc6 Qd3 Qb6 Qxh7#
170,FnmyUpAA,ruchitoshniwal1,cometomecometohere,ruchitoshniwal1,d4 Nf6 Nf3 e6 e3 b6 Bd3 Bb7 c3 d5 O-O c5 Nbd2 Nbd7 Qe2 Qc7 Re1
171,EIzO8XWY,ruchitoshniwal1,KarenSarukhanyan,KarenSarukhanyan,d4 d5 Nf3 Nf6 Bf4 Bg4 e3 g6 Be2 Bg7 c4 e6 Nc3 c6 O-O O-O cxd5 cxd5 Ne5 Nc6 Nxg4 Nxg4 Bxg4 Qb6 Rb1 Na5 Be2 Nc4 Bxc4 dxc4 Na4 Qc6 Rc1 b5 Nc3 a6 e4 Rfd8 Ne2 e5 Be3 exd4 Bxd4 Qxe4 Bxg7 Rxd1 Rfxd1 Qxe2 Bc3 Re8 Rd7 h5 Rd2 Qe1+ Rxe1 Rxe1#
172,uOKNsf2L,ruchitoshniwal1,japanchessguy,ruchitoshniwal1,d4 e5 dxe5 f6 exf6 Nxf6 Bf4 d6 Nc3 Be7 Nf3 O-O e3 Bg4 Bc4+ Kh8 O-O Nc6 Nd5 Nd7 h3 Bh5 Nxe7 Qxe7 Be2 Bg6 Nd4 Nce5 Bxe5 Nxe5 f4 Nd7 Bg4 Be4 c3 Nc5 Bf3 Bg6 b4 Nd7 Be2 Nf6 Bd3 Ne4 Bxe4 Bxe4 Qg4 Rf6 f5 h6 Rf4 Qe5 Rxe4 Qd5 Rd1 Qxa2 Ne6 Re8 Qxg7#
173,x9db3Qek,mambods,ruchitoshniwal1,ruchitoshniwal1,e4 c5 Nf3 Nc6 d3 d6 Nc3 Bg4 Be3 e5 Be2 Nd4 h3 Bxf3 gxf3 Nf6 Bxd4 cxd4 Nd5 Nxd5 exd5 Qa5+ Qd2 Qxd5 c3 Be7 cxd4 Qxd4 Rg1 d5 Rc1 Bb4 Rc3 Bxc3 bxc3 Qb6 Kf1 O-O Kg2 Qg6+ Kh2 Qf6 f4 Qxf4+ Kh1 Qxd2
174,0HUacWV0,Fueguchi,ruchitoshniwal1,ruchitoshniwal1,d3 d5 Nf3 Nf6 g3 e6 Bg2 Bc5 O-O Nc6 Re1 Bd7 Nc3 O-O e4 dxe4 Nxe4 Nd4 Nxd4 Bxd4 c3 Nxe4 Rxe4 Bb6 Be3 Bxe3 fxe3 c6 Qh5 Qf6 Rf4 Qg6 Qf3 e5 Re4 Be6 Rf1 Bd5 Rg4 Bxf3 Rxg6 fxg6 Rxf3 Rxf3 Bxf3 Rf8
175,AwL319Nb,Torreon_Santista,ruchitoshniwal1,ruchitoshniwal1,e4 e5 Nf3 Nc6 d3 Bc5 Be2 d6 O-O f5 exf5 Bxf5 Be3 Nf6 Bxc5 dxc5 Nbd2 Nd4 Nxd4 cxd4 f3 O-O Ne4 Bxe4 fxe4 Nd7 Rxf8+ Qxf8 Bf3 Qd6 Qd2 Qf6 Rf1 Qg6 Qe2 Rf8 Bh5 Qg5 Rxf8+ Nxf8 Qf3 Qc1+ Qd1 Qxd1+ Bxd1 Ne6 Kf2 Nf4 g4 Kf7 h4 Kg6 g5 h6 gxh6 gxh6 Bf3 c5 b3 b5 a3 a5 Kg3 b4 axb4 axb4 Kg4 h5+ Kg3 Kf6 Kf2 Kg6 Kg3 Kf7 Kf2 Ke6 Kg3 Kf6 Kf2 Nh3+ Kg3 Nf4
176,BO0pyJAw,SgarRu,ruchitoshniwal1,SgarRu,d4 d5 Bf4 Nf6 e3 e6 Nf3 c5 Bd3 Nc6 c3 cxd4 exd4 Bd6 Ne5 Bxe5 dxe5 Nd7 Qe2 O-O Nd2 f6 exf6 Rxf6 g3 e5 Bg5 Qe7 Bxf6 Qxf6 O-O-O e4 Bc2 Nde5 Rdf1 Bg4 Qe1 Nf3 Nxf3 Bxf3 Rhg1 Rd8 Qe3 d4 cxd4 Nxd4 Bd1 Bxd1 Rxd1 Nf3 Rxd8+ Qxd8 Rd1 Qc7+ Qc3 Qxc3+ bxc3 h6 Rd7 Kh7 Rxb7 Ng1 Re7
177,NJCdDlUM,ruchitoshniwal1,Xianthium,ruchitoshniwal1,d4 Nf6 Nf3 g6 Bg5 Bg7 Bxf6 Bxf6 e3 O-O c4 Bg7 Nc3 d6 Be2 Nc6 O-O e5 d5 Ne7 Bd3 c6 dxc6 Nxc6 Be2 f5 Nd5 Ne7 Nxe7+ Qxe7 Rb1 b6 Qd5+ Kh8 Qxa8 Bb7 Qxa7 Qc7 Qa3 Ra8 Qb3 Bxf3 Bxf3 Rc8 Rbd1 e4 Be2 Rd8 f3 Qc6 fxe4 Qxe4 Bf3 Qe6 Rd4 Qxe3+ Qxe3 d5 Qd3
178,lLFzPTFG,SalvoFresta,ruchitoshniwal1,SalvoFresta,e4 c5 Bc4 Nc6 c3 d6 Bxf7+ Kxf7 Nf3 Nf6 Qb3+ Be6 Ng5+ Ke8 Nxe6 Qd7 O-O Na5 Qa3 Nc4 Qb3 Qxe6 d3 g6 dxc4 Bg7 Qxb7 Rd8 Bg5 Qd7 Qxd7+ Rxd7 Bxf6 Bxf6 Nd2 Kf7 Nf3 Rf8 Rad1 Kg7 e5 Bxe5 Nxe5 Rdd8 Nf3 Rf6 Rfe1 Rdf8 Re3 R8f7 Rde1 Kf8 Ng5 Rg7 Ne6+ Kf7 Nxg7 Kxg7 Rxe7+ Kh6 Rxa7 Rf5 Ree7 d5 Rxh7+ Kg5 h4+ Kg4 Kh2 dxc4 f3+
179,IWd0gQwj,ruchitoshniwal1,Don_Bicho,Don_Bicho,d4 e5 Nf3 exd4 Nxd4 Nc6 Nc3 Nxd4 Qxd4 Nf6 e3 g6 Bc4 Bg7 Qd3 O-O O-O c6 b3 d5 Bxd5 Nxd5 Nxd5 Bxa1
180,L5aObcDM,jihoon,ruchitoshniwal1,jihoon,e4 c5 Nf3 Nc6 d4 cxd4 Nxd4 d6 Nc3 Nf6 Be3 Bg4 f3 Bh5 Bc4 e5 Nb3 Be7 Qd2 O-O g4 Bg6 O-O-O Qc7 h4 h6 g5 Nh5 gxh6 gxh6 Bxh6 Ng7 Rdg1 Nd4 h5 Nxf3 Qf2 Nxg1 hxg6 Qxc4 gxf7+ Qxf7 Qxg1 Bf6 Nd5 Qe6 Rh2 Bg5+ Bxg5 Rf3 Qh1 Raf8 Rh8+
181,7OZuTvj9,Abdelfattahmohamed16,ruchitoshniwal1,Abdelfattahmohamed16,d3 d5 Nf3 Nf6 g3 e6 Bg2 c5 O-O Bd6 Nbd2 O-O b3 Nc6 Bb2 Bd7 Rb1 Be7 e4 dxe4 Nxe4 Nxe4 dxe4 f6 e5 Nxe5 Nxe5 fxe5 Bxe5 Bc6 Qg4 Bf6 Qxe6+ Kh8 Bxc6 bxc6 Bxf6 Rxf6 Qg4 h6 Rbd1 Qa5 Rd7 Rg8 Rfd1 Qxa2 Rd8 Rxd8 Rxd8+ Kh7 Qe4+ Rg6 Rd6 Qb1+ Kg2 Qxc2 Qxc2 Kh8
182,uIz62kWE,ruchitoshniwal1,Mehdiyn85,Mehdiyn85,d4 d5 Nf3 e6 Bf4 f5 e3 Bd6 c4 Bxf4 exf4 dxc4 Ne5 b5 a4 Nf6 axb5 Nbd7 Bxc4 Nxe5 fxe5 Nd5 Bxd5 Qxd5 Qa4 Bb7 b6+ Bc6 Qc2 cxb6 Rg1 O-O Nd2 Kh8 Rc1 Rac8 Qb3 Qxb3 Nxb3 Bd5 Rxc8 Rxc8 Nd2 Rc1+ Ke2 Rc2
183,QWZQu6nM,ruchitoshniwal1,PlzDontLeave,ruchitoshniwal1,d4 c5 Nf3 cxd4 Nxd4 d5 e3 Nf6 c4 e5 Nf3 d4 exd4 exd4 Qxd4 Qxd4 Nxd4 Bb4+ Nc3 Bxc3+ bxc3 O-O Bd3 Re8+ Be3 Ng4 Kd2 Nxe3 fxe3 Nc6 Raf1 Ne5 Nf3 Nxd3 Kxd3 Bf5+ Kd2 Rad8+ Nd4 Bg6 Rf4 Rc8 Rhf1 Rxc4 Rg4 Rec8 Rg5 Rxc3 Re5 h6 Re7 R8c7 Rxc7 Rxc7 Rc1 Rxc1 Kxc1 Kf8 Kb2 Ke7 Kc3 a5 a4 b6 Kc4 Bh5 Kb5 Be2+ Kxb6 f5 Nxe2 Kf6 Nf4 g5 Nd5+ Ke5 Nc7 Ke4 Kxa5 Kxe3 Kb5 Kf2 a5 f4 a6 f3 a7 fxg2 a8=Q g1=Q Qa2+ Kf1 Qa1+ Kg2 Qxg1+
184,QQuulqQE,ruchitoshniwal1,Aruw,ruchitoshniwal1,d4 Nf6 Nf3 e5 Bg5 exd4 Nxd4 Be7 Nc3 h6 Bh4 O-O e3 b6 Bc4 Bb7 Bb3 Bxg2 Rg1 Bb7 Bxf6 Bxf6 Qg4 g6 Nf5 Kh7 Nh4 Bxh4 O-O-O Bf6 f4 Nc6 f5 Rg8 Bxf7 Rg7 fxg6+ Kh8 Qf5 Qe7 Rxd7 Qe5 Qxe5 Nxe5 Rxc7 Be4 Nxe4
185,MpjgoLXx,uditvora,ruchitoshniwal1,uditvora,e4 e5 Nf3 Nc6 Bc4 d6 Nc3 Bg4 h3 Bh5 Nxe5 Bxd1 Bxf7+ Ke7 Nd5#
186,VUfQYtRN,uditvora,ruchitoshniwal1,ruchitoshniwal1,d4 d5
187,Avf7TCuW,ruchitoshniwal1,uditvora,ruchitoshniwal1,e4 f6 Qh5+ g6 Be2 h6 Qxg6#
188,nwyFPcEq,RAHEY,ruchitoshniwal1,RAHEY,e4 c5 Nf3 Nc6 d4 cxd4 c3
189,KXoRxzmK,IcanNotBreathe,ruchitoshniwal1,ruchitoshniwal1,e4 c5 Nf3 Nc6 c3 d6 d4 cxd4 cxd4 Bg4 d5 Bxf3 gxf3 Ne5 Bf4 Nf6 Bd3 Nxd3+ Qxd3 g6 Nc3 Qd7 O-O-O Bg7 Kb1 O-O Nb5 a6 Na3 Rab8 Nc2 b5 Nb4 a5 Na6 Rb6 Qd4 Rxa6 Be5 dxe5 Qxe5 Qd6
190,DDMqfvQ4,ruchitoshniwal1,Infected_Zone_51,ruchitoshniwal1,d4 e5 Nf3 exd4 Nxd4 Nc6 Nc3 Nxd4 Qxd4 Nf6 Bg5 Be7 Bxf6 Bxf6 Qd2 O-O e3 d5 Qxd5 Be6 Qxd8 Raxd8 Be2 Bxc3+ bxc3 c5 O-O a6 Bd3 b5 Rfd1 g6 Be4 Rxd1+ Rxd1 Bf5 Bxf5 gxf5 Rd5 Re8 Rxf5 Rd8 h3 Kg7 Rxc5 Kf6 Rc6+ Ke7 Rxa6 Rd6 Kh2 Rxa6 c4 Rxa2 cxb5 Rxc2 b6 Rb2 b7 Rxb7 f3 Rb6 Kg3 Rg6+ Kf2 f5 Ke2 Kf6 Kf2 h5 Ke2 f4 Kf2 fxe3+ Ke2 Kf5 Kxe3 Re6+ Kf2 Kf4 g4 h4 Kg2 Re2+ Kf1 Rh2 Kg1 Kg3 Kf1
191,bLJwHIub,ruchitoshniwal1,YGadde13,YGadde13,e4 e5 Nf3 Nc6 Bc4 Bc5 d3 Nf6 Ng5 O-O O-O d5 exd5 Nxd5 Qf3 Nf6 Nc3 Bg4 Qg3 h6 h3 Bd7 Nf3 Re8 Bxh6 Nh5 Qg5 Qxg5 Bxg5 Be6 Bxe6 Rxe6 Rfe1 Rae8 Nd5 Bd6 g4 Nf4 Bxf4 exf4 a4 Ne5 Nxe5 Rxe5 Rxe5 Rxe5 Nxf4 g5 Ng2 Re2 Ne3 Bc5 Kf1 Rd2 Ke1 Bxe3 fxe3 Rxc2 b3 Rc3 Kd2 Rxb3 Rc1 c6 Rc5 f6 e4 Ra3 a5 Kf7 e5 fxe5 Rxe5 Kf6 Rf5+ Kg6 d4 Rxh3 d5 cxd5 Ke2 Rg3 Rxd5 Rxg4 Rd7 Rb4 a6 bxa6 Rd6+ Kh5 Rxa6 Re4+ Kf3 Re7 Kg3 Re3+ Kf2 Re7 Kg3 Rd7 Kh3 g4+ Kg3 Rd3+ Kg2 Kh4 Rh6+ Kg5 Ra6 Kf4 Rxa7 Rg3+ Kf1 Rf3+ Ke2 g3 Rf7+ Kg4 Rxf3 Kh3 Kf1 Kh2 Rf8 g2+ Kf2 g1=Q+ Ke2 Qg4+ Kd3 Qd7+ Kc3 Qg7+ Kc4 Qxf8 Kd5 Qe7 Kc6 Qd8 Kb5 Qc7 Kb4 Qc6 Ka5 Qb7 Ka4 Qb6 Ka3 Qb5 Ka2 Qb4 Ka1 Kg3 Ka2 Kf3 Ka1 Ke2 Ka2 Kd3 Ka1 Kc2 Ka2 Qb2#
192,IH5AAiJj,mmathrani,ruchitoshniwal1,mmathrani,Nc3 e5 Nf3 Nc6 e4 Nf6 Bc4 Bc5 O-O O-O d4 exd4 Nxd4 Nxd4 Be3 d6 Bxd4 Bxd4 Qxd4 c5 Qd3 Re8 f3 Be6 b3 Bxc4 bxc4 Nh5 g4 Nf4 Qe3 Qg5 Nd5 Nh3+ Kg2 Nf4+ Nxf4 Re7 Nd5 Re5 Rad1 Rae8 Nf4 a6 Rfe1 R5e6 Nxe6 Qxe3 Rxe3 Rxe6 Rdd3 h6 c3 a5 a3 b6 Kg3 g6 f4 Kg7 h4 f6 g5 a4 gxh6+ Kxh6 f5 gxf5 exf5 Rxe3+ Rxe3
193,oxCMmo9z,SatoshiBayona,ruchitoshniwal1,ruchitoshniwal1,d4 d5 Nf3 Nf6 Bg5 e6 Nbd2 c5 e3 Bd6 c3 Nc6 Bd3 O-O Qe2 Bd7 O-O e5 dxe5 Nxe5 Nxe5 Bxe5 Nf3 Bg4 h3 Bxf3 Qxf3 c4 Bc2 h6 Qf5 hxg5 Qxe5 Re8 Qxg5 Qd6 Rad1 Qe5 Qh4 Qh5 Qxh5 Nxh5 Rxd5 Nf6 Rd6 Rac8 Rfd1 Rc7 g4 Ree7 g5 Ne8 Rd8 Kf8 Ra8 Re6 Rdd8 Rcc6 Rxa7 Rcd6 Rxd6 Rxd6
194,W55RqXpB,ruchitoshniwal1,Alex-08,Alex-08,d4 d5 Nf3 e6 Bf4 Nf6 e3 Bd6 c3 Bxf4 Nbd2 c5 Bd3 Nc6 e4 Bxd2+ Qxd2 dxe4 Bxe4 Nxe4 Qe2 Nf6 O-O cxd4 Rfd1 d3 Qd2 e5 Qxd3 Qxd3 Rxd3 e4 Re3 O-O Nd2 Ne5 Nxe4 Bf5 Nxf6+ gxf6 Rg3+ Kh8 Re1 Rg8 Rf3 Be4 Rfe3 f5 g3 Nf3+ Kf1 Nxe1 Kxe1 Rg4 Ke2 Rgg8 f3 Rge8 fxe4 fxe4 Kf2 f5 Kg2 Kg7 Kh3 Kg6 g4 Kg5 gxf5 Kxf5 Rg3 Kf4 Rg7 Rh8 Rf7+ Ke5 Rg7 Kf6 Rg1 h5 Re1 Rag8 Rxe4 Kf5 Rh4 Rg5 Ra4 Rhg8 Ra5+ Ke4 Rxg5 Rxg5 Kh4 Kf4 h3 Rg2 Kxh5 Rxb2 h4 Rxa2
195,HWbpPWsd,ruchitoshniwal1,ChessWala,ChessWala,d4 e5 Nf3 d6 dxe5 Nc6 exd6 Bxd6 e3 Be6 Bb5 a6 Bxc6+ bxc6 O-O Ne7 Nc3 O-O b3 Ng6 Bb2 Ne5 e4 Nxf3+ gxf3 Be5 Qe2 Qe7 Qe3 Qf6 Rab1 Bh3 f4 Bxf1 fxe5 Qxe5 Kxf1 Qxh2 Ke2 Rad8 Qg3 Qh5+ f3 Rd7 Rg1 g6 Nd1 Rfd8 Qg5 Rd2+ Ke1 Rxd1+ Ke2 Rxg1 Qf6 Rg2+ Ke3 Qg5+ Qxg5 Rxg5 Bf6 Rg1
196,W4BfFhR8,Alpenglow97,ruchitoshniwal1,Alpenglow97,d4 d5 Nf3 Nf6 e3 e6 Bd3 c5 c3 c4 Bc2 Nc6 Nbd2 Bd7 O-O Bd6 Re1 O-O e4 dxe4 Nxe4 Nxe4 Bxe4 f5 Bc2 Re8 Ne5 Bxe5 dxe5 Qc7 f4 Rad8 Be3 Bc8 Qe2 b6 Qxc4 Bb7 Rad1 Rxd1 Rxd1 Qf7 Rd6 Rc8 Qxe6 Qxe6 Rxe6 Kf7 Bxf5 Rd8 Rd6 Rxd6 exd6 Kf6 Bh3 Kf7 Kf2 Ke8 g3 Nb8 Bd4 g6 Ke3 Bc6 c4 Bd7 Bg2 Kf7 Bd5+ Ke8 b4 Bf5 c5 bxc5 bxc5 Kd7 Bg8 h5 Bd5 Nc6 h4 Nxd4 Kxd4 a6 Ke5 a5 c6+ Kc8 Kf6 Kd8 Be6 Bb1 c7+ Ke8 c8=Q#
197,0OM7jU4D,ruchitoshniwal1,Arthur_111,Arthur_111,d4 d5 Nf3 Nf6 Bg5 Nc6 Bxf6 exf6 e3 Be6 c4 dxc4 Nc3 Bd7 Bxc4 Be7 Qb3 O-O Qxb7 Rb8 Qxa7 Rxb2 Qa4 Rb4 Qc2 Rxc4 Qd3 Rb4 O-O Be6
198,IdIeS85k,pipwill,ruchitoshniwal1,pipwill,e4 c5 Nf3 Nc6 d4 cxd4 Nxd4 d6 c4 Nf6 Nc3 g6 Bg5 Bg7 Be2 O-O O-O e5 Nxc6 bxc6 a3 Bb7 f4 exf4 Bxf4 Ne8 Bf3 c5 Nd5 Bxd5 exd5 Nc7 Rb1 Qf6 g3 Rab8 Kg2 Rxb2+ Rxb2 Qxb2+ Rf2 Qxa3 Bxd6 Rc8 Bg4 Qa6 Bxc8 Qxc8 Bxc5 a5 Qa4 Ne8 Be7 Nf6 Bxf6 Bxf6 Rxf6 Qd7 Rc6 Kg7 Rxg6+ Kxg6 Qxd7 f5 Qa4 Kg5 Qxa5 h5 Qa1 Kg6 Qe5 Kf7 d6 Kg6 d7 Kg5 d8=Q+ Kg4 Qd3 Kg5 Qdd4 Kg6 Qef4 Kf7 Qde5 Kg6 Qfxf5+ Kh6 Qg5+ Kh7 Qgf6 Kg8 Qeg5+ Kh7 Qfh6#
199,aINo8m9c,Alpkagan,ruchitoshniwal1,ruchitoshniwal1,Nf3 d5 g3 Nf6 Bg2 e6 d3 c5 O-O Nc6 Nbd2 Bd6 c3 O-O Qc2 e5 e4 d4 Nc4 a6 Nxd6 Qxd6 a4 dxc3 bxc3 Nd4 Nxd4 cxd4 cxd4 Qxd4 Bb2 Qd6 Qc3 Re8 Rac1 Bd7 Qc7 Qxc7 Rxc7 Be6 Rfc1 Rac8 Rxc8 Rxc8 Rxc8+ Bxc8 d4 exd4 Bxd4 Kf8 Bxf6 gxf6 f4 Ke7 f5 Bd7 Kf2 Bxa4 Bf1 Bb5 Bxb5 axb5 Ke3 Kd6 Kd4 b4 Kc4 Ke5 Kxb4 Kxe4 Kc5 Ke5 Kb6 Kxf5 Kxb7 Kg4 Kc7 Kh3 Kd7 Kxh2 Ke7 Kxg3 Kxf7 h5 Kxf6 h4 Kg5 h3 Kh5 h2 Kg5
200,7Vc7XDSh,ruchitoshniwal1,Travel_Size,ruchitoshniwal1,d4 d6 Nf3 Nd7 Bf4 Ngf6 e3 e5 dxe5 dxe5 Nxe5 Be7 Nxd7 Bxd7 Bc4 O-O Nc3 c6 O-O Qb6 Bb3 Rad8 Qe2 Rc8 e4 Bg4 Qe3 Qd8 h3 Bd7 Rfd1 Qe8 e5 Nh5 g4 Nxf4 Qxf4 Be6 Bxe6 fxe6 Qc4 Bh4 Ne4 Qf7 Rd2 Qf4 Qxe6+ Kh8 Re2 Rce8 Qc4 Rxe5 b3 Rxe4 Qxe4 Qf7 f4 Qc7 Qe5 Qc8 Rae1
201,FqzyxP1z,ruchitoshniwal1,Scipio218,ruchitoshniwal1,d4 e5 Nf3 f6 dxe5 fxe5 Nxe5 c6 Nf3 Nf6 Bg5 Be7 e3 O-O Bc4+ d5 Bb3 Be6 Nbd2 Nbd7 Nc4 dxc4 Ba4 b5 Bb3 cxb3 cxb3 Qa5+ Nd2 Ne5 O-O Nd3 Bf4 Nxb2 Qc2 Ba3 Nb1 Ng4 Nxa3 Qxa3 Rab1 Bf5 Qxb2 Qe7 Rbd1 Qh4 Bg3 Qh5 Rd6 Rae8 Rfd1 Re6 h3 Rh6 Rxh6 gxh6 hxg4 Qg5 gxf5 Rxf5 Rd8+ Qxd8 Qd4 Rd5 Qg4+ Rg5 Qf4 Qd1+ Kh2 Rh5+ Bh4 Qg4 Qxg4+
202,2VIT3LkS,ruchitoshniwal1,ANONYMOUS,ruchitoshniwal1,e4 e6 Nf3 Bb4 Nc3 Bf8 Bc4 d5 exd5 exd5 Bxd5 Bd6 Ng5 h6 Nxf7 Kf8 Qf3 Qh4 Nxd6+ Ke7 Nf5+ Ke8 Nxg7+ Kd7 Qf7+ Kd6 Qf8+ Ke5 O-O Kd4 Qb4+ Ke5 Re1+ Kf6 Qxh4+ Kg6 Re3 Kxg7 Rg3+ Kh7 Qe4+ Bf5 Qxf5#
203,kzbLuEfE,ruchitoshniwal1,littlecoder,ruchitoshniwal1,d4 b6 Nf3 Bb7 Bf4 Nf6 e3 d6 c4 e6 Nc3 Be7 Be2 O-O O-O Ne4 Nxe4 Bxe4 Bd3 Bxd3 Qxd3 Nc6 d5 Nb4 Qb3 a5 dxe6 fxe6 a3 Nc6 c5 dxc5 Qxe6+ Kh8 Qxc6 Bf6 Rab1 Qe7 Qxc7 Qe6 Qd6 Qb3 Qd1 Qc4 b3 Qb5 a4 Qb4 Qc2 Rad8 Qc4 Qa3 h3 Qa2 Be5 Be7 Ra1 b5 Qc3 b4 Qc4
204,XJp75Dco,ruchitoshniwal1,Spaghetti_Spoghotti,ruchitoshniwal1,d4 d5 Nf3 Nc6 Bf4 Bf5 c4 dxc4 e3 Nb4 Qa4+ Nc6 Ne5 Qd6 Nxf7 Qb4+ Qxb4 Nxb4 Nxh8 Nc2+ Kd2 Nxa1 Bxc4 Nc2 a3 O-O-O Bd3 Bxd3 Kxd3 Nxe3 Bxe3 e6 Nf7 Rd5 Nc3 Rf5 Ne5 Bd6 f4 Bxe5 fxe5 Ne7 Ke4 Nc6 g4 Rf8 d5 exd5+ Nxd5 g5 Bc5 Re8 Kd3 Rxe5 Kc4 Na5+ Kd4 Re2 Ne7+ Kd7 Rd1 Nb3+ Kc3+ Ke6 Kxb3 Rxh2 Re1+ Kd7 Nf5 Kc6 Bb4 Rg2 Re4 h6 Nxh6 b6 Nf5 a5 Bc3 b5 a4 b4 Bd4 Kd5 Re7 Rxg4 Rd7+ Ke4 Rd8 Kxf5 Kc4 Ke4 Kc5 Rf4 Kc6 g4 Bc5 g3 Rg8 Kf3 Kxc7 g2 Kb6 Rc4 Kb5 Rxc5+ Kxc5 Kf2 Rxg2+ Kxg2 Kb5 b3 Kxa5 Kf2 Kb4 Ke2 Kxb3 Kd3 a5 Kd4 a6 Kc5 a7 Kb6 a8=Q Kc7 Qa5+ Kd6 Kb4 Kc6 Kc4 Kd6 b4 Kc6 b5+ Kd6 Qa6+ Ke5 b6 Ke4 Qa7 Ke5 b7 Ke4 b8=Q Kf5 Qc8+ Ke4 Qd8 Ke5 Qad7 Ke4 Q8e8+ Kf4 Qdf7+ Kg5 Qeg8+ Kh6 Qfh7#
205,5dgxQVq4,Szachistasebastian27,ruchitoshniwal1,ruchitoshniwal1,e4 c5 Nf3 Nc6 Bb5 d6 Bxc6+ bxc6 d4 cxd4 Nxd4 Bd7 Nc3 c5 Ndb5 Qb6 Qd5 Bc6 Qd3 Nf6 Bg5 g6 Bxf6 exf6 O-O Bg7 Na4 Qxb5 Qxb5 Bxb5 b3 Bxf1 Rxf1 O-O Rd1 Rfd8 f4 Rab8 Nc3 Rb4 Nd5 Rxe4 Rf1 Rd4 Ne7+ Kf8 Nc6 Ke8 Nxd4 cxd4 Re1+ Kd7 Rd1 f5 Rxd4 Bxd4+ Kf1 Be3 Ke2 Bxf4 Kf3 Bxh2 g4 Be5 gxf5 gxf5 Ke3 h5 Kf3 h4 Kf2 Bg3+ Kg2 f4 c4 Re8 a4 Re2+ Kf3 Rf2+ Kg4 f3 Kh3 Rf1 b4 f2 c5 Rh1+ Kg4 f1=Q cxd6 Bxd6 b5 Rg1+ Kxh4 Qf2+ Kh3 Qh2#
206,oIfz7xGq,ruchitoshniwal1,leonoel,leonoel,d4 e5 dxe5 Bc5 Nf3 d6 exd6 Ne7 dxe7 Bxf2+ Kxf2 Qxd1 Be3 Qxc2 Nc3 Qxb2 Rd1 Nc6 Rd3 Nxe7 g3 O-O Bg2 Bg4 Rb1 Qa3 Nd5 Qxd3 Nxe7+ Kh8 exd3 Bxf3 Bxf3 b6 Bxa8 Rxa8 Nd5 c5 Rc1 Rd8 Nf4 Re8 Kf3 g5 Re1 gxf4 gxf4 Rf8 Rg1 h5 f5 Kh7 Bg5 f6 Bxf6 Rxf6 Rg5 Kh6 Rxh5+ Kxh5 Kf4 Rf8 d4 Rd8 Ke5 Rxd4 f6 Rd2 Ke6 Rf2 Kf7 Rxh2 Kf8 Rxa2 f7 Rf2 Kg8 Rxf7 Kxf7 Kg4
207,5lq8S2PZ,ruchitoshniwal1,Akius,ruchitoshniwal1,d4 c6 Nf3 d5 Bf4 f5 e3 e6 c4 Nf6 Bg5 Nbd7 Bxf6 Qxf6 Ne5 Bd6 Nxd7 Bxd7 f4 O-O Bd3 g5 O-O gxf4 exf4 Qh4 Rf3 Bxf4 Rh3 Qg4 Qxg4+ fxg4 Rxh7 Rad8 Nc3 e5 dxe5 Bxe5 cxd5 Bxc3 bxc3 cxd5 c4 dxc4 Bc2 Bc6 Rh6 Rd2 Rg6+ Kf7 Bf5 Rxg2+ Kf1 Ke8 Re6+ Kd7 Re2+ Rxf5+ Ke1 Rg1+ Kd2 Rxa1 Kc3 Kc7 Rc2 Kb6 Kb2 Bb5 Kxa1
208,0TIJJmnf,phi10,ruchitoshniwal1,ruchitoshniwal1,e4 c5 Nf3 Nc6 d4 cxd4 Nxd4 d6 Nc3 Bd7 Bc4 Nf6 f3 g6 Be3 e5 Qd2 exd4 Bxd4 Nxd4 Qxd4 Bg7 Qd2 O-O O-O-O Bc6 Qxd6 Qxd6 Rxd6 Rfd8 Rhd1 Rxd6 Rxd6 Ne8 Rd2 Bxc3 bxc3 Nf6 g3 Re8 Bb3 Nd7 c4 Ne5 f4 Nf3 Re2 Rxe4 Rd2 Nxd2
209,HEmumzcc,Ridzooo,ruchitoshniwal1,ruchitoshniwal1,d4 d5 e3 Nf6 Bd3 e6 c3 c5 c4 cxd4 Bxh7 Rxh7 Qxd4 Be7 cxd5 Qxd5 Qa4+ Bd7 Qc2 Nc6 Bd2 O-O-O Nf3 Kb8 Nc3 Qd6 Rc1 e5 Ng5 Rh6 Nxf7 Qe6 Nxh6 Rh8 Qg6 Rxh6 Qxg7 Rh7 Qg3 Nd5 Nxd5 Qxd5 a3 Qe6 Qg8+ Kc7 Bc3 Qxg8 Bxe5+ Bd6 Bxd6+ Kxd6 O-O Kc7 h3 Bxh3 g3 Rg7 Rfe1 Rxg3+ fxg3 Qxg3+ Kh1 Qg2#
210,y6847vpP,ruchitoshniwal1,fisher2500,fisher2500,d4 c6 Nf3 d5 Bf4 e6 e3 Nf6 c4 Bd6 Nc3 O-O Bg3 Ne4 Be2 f5 cxd5 exd5 Nxe4 fxe4 Ne5 Qf6 Ng4 Bxg4 Bxg4 Bxg3 hxg3 Qxf2#
211,PcLSRXQc,souuu3,ruchitoshniwal1,souuu3,e4 c5 Nf3 Nc6 d4 d6 d5 Ne5 Nxe5 dxe5 f3 e6 Bc4 Nf6 O-O exd5 exd5 Bd6 Bg5 Bf5 Nc3 O-O Qe1 Qb6 b3 Qb4 Qe3 e4 Nb5 Be7 Nc7 Rac8 Bxf6 Bxf6 Nb5 a6 Nd6 Rcd8 Nxf5 Rd7 Qxe4 Bxa1 Rxa1 h6 d6 Rfd8 Ne7+ Kf8 Qh7 Rxe7 Qh8#
212,Fze2g2BB,ruchitoshniwal1,uditvora,ruchitoshniwal1,e4 e5 Nf3 Nc6 Bc4 Nf6 Nc3 b5 Bxb5 a6 Bc4 Na5 d3 Nxc4 dxc4 Bc5 Nxe5 Bd6 Nf3 Qe7 Bg5 O-O Bxf6 gxf6 Nd5 Qe5 O-O Qxe4 Nxf6+ Kg7 Nxe4 f5 Ng3 f4 Qd4+ Kf7 Nh5 Bb4 Qf6+ Kg8 Qg7#
213,4y2WSs1J,ruchitoshniwal1,SDN-K,SDN-K,d4 c6 Nf3 d5 Bg5 Bf5 Bf4 Nf6 e3 e6 c4 Bd6 Nc3 Bxf4 exf4 Ne4 Ne5 Nxc3 bxc3 dxc4 Bxc4 Nd7 O-O Nxe5 fxe5 O-O Bb3 h6 c4 a5 d5 cxd5 cxd5 exd5 Qxd5 Qxd5 Bxd5 Rab8 Bf3 b5 Rfc1 b4 Rc5 a4 Rac1 b3 axb3 axb3 R1c3 b2 h3 b1=Q+ Kh2 Qb2 Rc1 Qxf2 R1c4 Rfc8 Rxc8+ Rxc8 Rxc8+ Bxc8 Bd5 Be6 Bf3 Qe3 Bg4 Qxe5+ Kh1 Bxg4 hxg4 Qg5 Kg1 Qxg4 Kf1 h5 Ke1 h4 Kd2 h3 Kc3 hxg2 Kb3 g1=Q Kc2 Qf1 Kb3 Qff3+ Kb2 Qgg2+ Kb1 Qff1#
214,4gxYO6r6,ruchitoshniwal1,smarties75,smarties75,g3 c6 Bg2 d5 Nf3 Bf5 e3 e6 d4 Nd7 c3 Bd6 Bd2 Ngf6 Qc2 Bg6 Qc1 O-O Na3 Bd3 Ne5 Bf5 f4 Bxa3 O-O Bd6 b4 Qc7
215,EOCmKJPP,Rean,ruchitoshniwal1,ruchitoshniwal1,d4 b6 c4 Nc6 e3 Bb7 Nf3 d5 Be2 dxc4 Bxc4 e6 Be2 Nf6 O-O Bb4 Nc3 Bd6 a3 O-O b4 Be7 Bd3 a5 Bc2 axb4 axb4 Rxa1 Qd3 Nxb4 Qd2 Nxc2 Qxc2 Nd5 Bb2 Ra2 Nxd5 Bxd5 Qc3 Qa8 Bc1 Qa4 Re1 Bb4 Qxc7 Bxe1 Nxe1 Qd1 Kf1 Ra1 Qc2 Qxc2 Nxc2 Rxc1+ Ke2 Rxc2+ Kd3 Rc4 f3 b5 e4 b4 exd5 b3 d6 b2 d7 Rd8 d5 Rxd7 Kxc4 b1=Q Kc5 Qc2+ Kd4 Rd8 Ke5 Rb8 dxe6 Rb5+ Kd6 Rf5 exf7+ Kxf7 g4 Qc5+ Kd7 Rd5#
216,S719rixZ,ruchitoshniwal1,ANONYMOUS,ruchitoshniwal1,e4 e6 Nf3 Ke7 Bc4 Kd6 O-O Ke7 d3 Ke8 Nc3 e5 h3 g5 Bxg5 Be7 Bxe7 Qxe7 Qd2 Kd8 Nd5 Qe8 Qg5+
217,IWVdB7TS,ANONYMOUS,ruchitoshniwal1,ruchitoshniwal1,d4 d5 a3 Nf6 Nc3 Nc6 Nxd5 Nxd5 c3 Bf5 g3 Nf6 Nf3 e6 d5 exd5 a4 b5 axb5 Ne7 b6 cxb6
218,ATyKDA3Y,docere2,ruchitoshniwal1,docere2,c4 Nf6 Nc3 g6 d3 Bg7 e4 O-O f4 d6 Nf3 e5 Be2 exf4 Bxf4 Re8 Bd2 Bg4 O-O Bxf3 Bxf3 Nc6 Be2 Nd4 Be3 c5 Bxd4 cxd4 Nd5 Nxd5 cxd5 Qe7 Rf3 f6 Qc2 Qe5 Raf1 Rac8 Qd1 Rc7 b3 Qe7 a4 Rc5 Qe1 Qc7 Qh4 Rc2 Bd1 Rc1 Rh3 h5 Rg3 Qc3 Rxg6 Qd2 Qxh5 Re5 Qg4 Rg5 Rxg5 fxg5 h3 Qxd3 Kh2 Qe3 Qf3 Be5+ Kh1 Qxf3 gxf3 Bf4 h4 d3 Kg2 gxh4 Kh3 Kf7 Kxh4 d2 Kg4 Be5 Kf5 Ke7 f4 Kd7 fxe5 dxe5 Kxe5 Kc7 Kf5 Kb6 Ke6 Kc5 e5 Kd4 d6 Ke4 d7 Rc7 d8=Q Rc6+ Qd6 Ke3 Qxc6 bxc6 Kd6 Kd3 e6 Kc3 e7 Kb4 e8=Q
219,Ffk3F6Oa,ruchitoshniwal1,LeonidLytko,LeonidLytko,e4 c6 Nf3 d5 exd5 cxd5 Qe2 Bg4 Nc3 Bxf3 Qxf3 Nf6 Be2 e6 O-O Be7 d3 O-O Bg5 Nbd7 Bxf6 Bxf6 Rfd1 Bxc3 bxc3 Qf6 d4 Qxf3 Bxf3 Nb6 Rd3 Nc4 Bd1 b5 Rb1 Na3 Rb3 Nc4 Rxb5 Rab8 Rxb8 Rxb8 g3 Rb1 Kg2 Nb2 Bf3 Nxd3 cxd3 Rb2 c4 dxc4 dxc4 Rxa2 d5 exd5 Bxd5 Ra5 Bc6 Rc5 Bd5 a5 Kf3 a4 Ke3 a3 Kd3 a2 Kc2 a1=Q Kb3 Qd4 Bxf7+
220,gaiDYaq0,rg2016,ruchitoshniwal1,rg2016,e3 d5 Nc3 c6 d4 b6 Bd2 Bb7 Nf3 Nf6 Bd3 e6 O-O Bb4 a3 Bxc3 Bxc3 O-O e4 Nbd7 e5 Ng4 h3 Nh6 Bd2 f6 Bxh6 gxh6 Qd2 fxe5 Qxh6 Qe7 dxe5 Qg7 Qh5 Nxe5 Nxe5 Rf5 Bxf5 exf5 Rfe1 Rf8 Re3 Qg6 Rg3 Qxg3 fxg3 f4 Qg5+
221,9Z4wIKmw,ruchitoshniwal1,Rag21,ruchitoshniwal1,d4 d5 Nf3 e6 Bf4 Nf6 e4 Bd6 e5 Bxe5 Bxe5 O-O c4 Nc6 Bd3 dxc4 Bxc4 Nd5 Bxd5 Qxd5 Nc3 Qa5 O-O Nxe5 dxe5 b6 Qb3 Bb7 Nd2 Qxe5 f4 Qh5 Nf3 Rad8 Rad1 Qg6 Rxd8 Rxd8 Ne2 Rd2 Ng3 Qf6 Qc3 Qd8 Qxd2 Qxd2 Nxd2 Bf3 Rc1 g6 Rxc7 Kg7 Rc8 Bc6 Rxc6 b5 Rc7 a5 Nde4 b4 a3 a4 axb4
222,iadfpImY,hobbittyhob,ruchitoshniwal1,hobbittyhob,b3 d5 Bb2 Nf6 e4 dxe4 d3 exd3 Bxd3 e6 Nf3 Bc5 Nbd2 O-O Qe2 Nc6 O-O-O Bb6 Ne4 Qe7 Nxf6+ gxf6 Qe4 f5 Qf4 f6 h4 Rf7 h5 Rg7 h6 Rg6 Nh4 Rg4 Qf3 Ne5 Qh3 Nxd3+ Rxd3 e5 Nxf5 Bxf5 Rg3 Rg6 Qxf5 Rxg3 fxg3 Kf7 Qh5+ Ke6 Rd1 Qc5 Qg4+ Ke7 Qg7+ Ke6 Qxh7 Qe3+ Kb1 c6 Qd7#
223,BvhlbCHR,Andryy14,ruchitoshniwal1,Andryy14,f4 d5 Nf3 Nf6 e3 e6 Bb5+ c6 Be2 Bd7 Ne5 Bd6 O-O O-O d4 Ne4 Nd2 Bxe5 fxe5 f6 Nxe4 dxe4 Bc4 fxe5 dxe5 Qg5 Rxf8+ Kxf8 Qf1+ Kg8 Bd2 Na6 Qf2 Rf8 Qe2 Qxe5 Bc3 Qc7 Qg4 g6 Qxe4 Nc5 Qd4 Na6 Qg7#
224,xoPIUVMO,ruchitoshniwal1,SSGalia,SSGalia,d4 Nf6 Nf3 g6 Bg5 Bg7 e3 O-O c4 h6 Nc3 e6 Bxf6 Qxf6 Bd3 c6 O-O d5 cxd5 cxd5 Ne5 Nd7 f4 Nxe5 fxe5 Qe7 Qe2 a6 Rf4 Bd7 Raf1 Rac8 R4f3 Rc7 Qf2 f5 g4 Rfc8 gxf5 gxf5 Rh3 Qg5+ Qg3 Qxg3+ Rxg3 Kh7 Rf2 Rg8 Rfg2 Bc6 Rg6 Rf7 Rxe6 Kh8 Rgg6 f4 exf4 Rxf4 Rxh6+ Bxh6+ Kh1 Kg7 Rg6+ Kf7 Rxg8 Kxg8 Be2 Rxd4 Bd3 Rxd3 Ne2 d4+
225,1CZBjYEV,SuBidonu216,ruchitoshniwal1,ruchitoshniwal1,e4 c5 Nc3 Nc6 Nf3 d6 Bc4 Nf6 O-O g6 d3 Bg7 Bg5 O-O Bxf6 Bxf6 d4 Nxd4 Nxd4 cxd4 Nd5 Be6 Nxf6+ exf6 Bxe6 fxe6 Qxd4 e5 Qd5+ Kg7 Qxb7+ Rf7 Qd5 Rc8 c3 Rb8 b4 Rb6 Rad1 Qc7 a4 Qxc3 a5 Rc6 b5 Rc5 Qxd6 Rxb5 Rc1 Qxa5 h3 Rb6 Qd5 Qxd5 exd5 Rd6 Rfd1 Rfd7 Rc5 f5 Kf1 Kf6 Ke2 e4 f3 Ke5 fxe4 fxe4 Ke3 Rxd5 Rcxd5+ Rxd5 Rxd5+ Kxd5 g4 a5 Kd2 a4 Kc2 Kc4 Kb2 e3 Kc2 a3 Kb1 e2 Kc1 a2 Kd2 a1=Q Kxe2 Qe5+ Kf3 Qh2 Ke4 Qxh3 g5 Qg4+ Ke5 Qxg5+ Ke6 Qg1 Ke5 Qf1 Ke6 g5 Ke7 g4 Ke8 g3 Kd8 g2 Ke7 g1=Q Kd6 Qg5 Kd7 Qff6 Kc7 Qgg7+ Kc8 Qff8#
226,WOmT4cD4,ruchitoshniwal1,AdewaleKingAcademy,AdewaleKingAcademy,d4 b6 Nf3 Bb7 Bf4 Nf6 e3 d6 c4 e6 Nc3 Be7 Be2 Nc6 O-O Nb4 Qb3 Nc6 d5 exd5 c5 Na5 Qd1 bxc5 Bb5+ Nc6 Nxd5 Nxd5 Qxd5 Qd7 e4 O-O e5 a6 Bxc6 Bxc6 Qd2 dxe5 Qxd7 Bxd7 Bxe5 c6 Bg3 Bg4 b3 Bxf3 gxf3 Bf6 Rac1 Bd4 Rc4 Rab8 Rd1 Rb4 Rxb4 cxb4 Rxd4 g6 Rxb4 Rc8 Rb6 c5 Rxa6 c4 bxc4 Rxc4 a4 Rc1+ Kg2 Rc8 a5 Kg7 Ra7 Rc5 a6 Ra5 Ra8 Kh6 a7 f6 Bf4+ g5 Bg3 Kg6 Rg8+ Kf7
227,ALAU5S1O,Dal13,ruchitoshniwal1,Dal13,e4 c5 Nc3 Nc6 Nf3 d6 d4 cxd4 Nxd4 Nxd4 Qxd4 Nf6 Bb5+ Bd7 Bxd7+ Qxd7 O-O g6 Bg5 Bg7 Qe3 O-O Rad1 Qc6 e5 dxe5 Qxe5 Nd7 Qxe7 Nb6 Qb4 a5 Qf4 Bxc3 bxc3 Qxc3 Bf6 Qc6 Rfe1 Rae8 Rxe8 Rxe8 h3 Re4 Rd8+ Re8 Qh6 Qxf6 Rxe8#
228,iFO6xx0q,ruchitoshniwal1,zibi189,ruchitoshniwal1,d4 d5 Nf3 e6 Bf4 Nf6 e3 Be7 c4 O-O Nc3 dxc4 Be2 b6 Bxc4 Bb7 Bb3 Nbd7 O-O Rc8 Ne5 Re8 Nxd7 Qxd7 Bg3 c5 Ba4 Bc6 Bxc6 Qxc6 Be5 cxd4 exd4 Nd7 Re1 Bf6 Qg4 Qc4 Bxf6 Nxf6 Qh4 Nd5 Nxd5 Qxd5 h3 Red8 Red1 Rc4 f3 Rxd4 Rxd4 Qxd4+ Qxd4 Rxd4 Kf2 g6 Ke3 Rc4 Rd1 Rc7 Rd8+ Kg7 Rd3 Kf6 Rd2 Ke7 Rd3 Rd7 Rd1 Rxd1 Ke2 Ra1 Kf2 Rxa2 Kg3 Rxb2 Kg4 Rb5 f4 Rc5 g3 a6 h4 a5 Kf3 a4 Ke2 a3 Kf3 a2 Kg4
229,Zz4NPjdD,ruchitoshniwal1,Boy_Puyat,ruchitoshniwal1,d4 c5 Nf3 cxd4 Nxd4 Nf6 Nc3 g6 Bg5 Bg7 Bxf6 Bxf6 e3 O-O Bc4 Nc6 Nxc6 bxc6 O-O Rb8 Bb3 Ba6 Re1 d6 Qd2 Qc7 g3 Rfd8 h4 h5 Kg2 Bb7 Qd3 Qd7 Kg1 Qh3 Qf1 Qxf1+ Rxf1 e6 Rfe1 d5 e4 Kg7 exd5 cxd5 Rad1 Rbc8 Ne2 a5 c3 Ba6 Rd2 Bb5 Nd4 Bxd4 Rxd4 Rc5 Red1 Rdc8 Bc2 Bc4 b3 Bb5 c4 dxc4 bxc4 Bxc4 Bb3 Bxb3 axb3 Rc3 R4d3
230,C2hgitMP,Parthivchandra,ruchitoshniwal1,ruchitoshniwal1,e4 c5 Nf3 Nc6 d4 cxd4 Nxd4 d6 Nc3 Nf6 Be3 g6 Nxc6 bxc6 e5 Bg7 exf6 Bxf6 Bd4 O-O Bxf6 exf6 Be2 Re8 O-O Bf5 Bd3 Bxd3 Qxd3 d5 Rad1 Qd6 Ne2 Qe5 Ng3 Qxb2 Qb3 Qxb3 cxb3 Rab8 Rc1 Rb6 h3 Re6 Rc5 f5 Rfc1 Kg7 Ne2 Kf6 Nd4 Re4 Nxc6 Re6 Nd4 Re4 Nf3 h5 Rc6+ Rxc6 Rxc6+ Re6 Rxe6+ fxe6 Kf1 d4 Kg1 e5 Kf1 e4 Nxd4 Ke5 Ne2 f4 Ke1 g5 Kd2 g4 hxg4 hxg4 a4 f3 gxf3 gxf3 Ng1 Kd4 b4 Kc4 Ke3 Kxb4 Kxe4 Kxa4 Kxf3 Kb3 Ke3 a5 f3 a4 Ne2 a3 Nd4+ Kb2 Nb5 a2 Nc3 Kxc3 f4 a1=Q f5 Qf1 Ke4 Kd2 Ke5 Kc3 Ke6 Qf4 f6 Kd4 Ke7 Qxf6+ Kxf6
231,fn2da6AR,ruchitoshniwal1,zingaJJ,zingaJJ,d4 d5 Nf3 Nf6 Bf4 e6 e3 Bd6 c4 Bxf4 exf4 dxc4 Ne5 O-O Bxc4 Nbd7 Nc3 a6 O-O b5 Bb3 Bb7 Nxd7 Qxd7 Qd2 Qc6 Rad1 Qxg2#
232,VxSsO951,rrp_rrp_rrp,ruchitoshniwal1,ruchitoshniwal1,e4 c5 Nf3 Nc6 c3 d6 d4 cxd4 cxd4 e5 d5 Nce7 Nc3 f5 Bb5+ Bd7 Bxd7+ Qxd7 O-O Nf6 Re1 g6 Bg5 Bg7 Qd2 O-O Rac1 Rac8 Nh4 fxe4 Nxe4 Nxe4 Rxe4 Nf5 Nxf5 Rxf5 h4 Rcf8 f3 Qb5 Rec4 Qb6+ Kh1 Qa6 a3 Qb6 Rc7 Bf6 Bxf6 R5xf6 Qh6 R6f7 Rc8 Qe3 Rxf8+ Rxf8 Rc7 Qxh6 g4 Rf7 g5 Qg7 Kg2 Rxc7 Kg3 Rc2 h5 Qf7 hxg6 Qf4+ Kh3 hxg6 b4 Rh2#
233,GPe9h8GY,ruchitoshniwal1,aslanboga,aslanboga,d4 d5 Nf3 Bg4 e3 Nf6 h3 Bxf3 Qxf3 Nfd7 c4 e6 Nc3 Qf6
234,eDdgs1og,ruchitoshniwal1,GCB99,GCB99,d4 d5 Nf3 e6 Bf4 c5 e3 Nc6 c4 cxd4 Nxd4 Bb4+ Nc3 Bxc3+ bxc3 Nxd4 exd4 dxc4 Bxc4 Ne7 O-O O-O Qb3 b6 Bg5 h6 Bh4 g6 Rfe1 g5 Bg3 Bb7 Be5 Ng6 Bxe6 Nxe5 Rxe5 fxe6 Qxe6+ Kg7 Rae1 Qf6 Qe7+ Rf7 Qxf6+ Rxf6 Re7+ Rf7 Rxf7+ Kxf7 Re5 Re8 g3 Rxe5 dxe5 Ke6 Kf1 Kxe5 Ke2 Ke4 f4 gxf4 gxf4 Kxf4 Kf2 h5 a3 Bd5 a4 a6 a5 bxa5 c4 Bxc4 Kg2 a4 Kh3 a3 Kh4 Be2
235,D7pjNXma,OrigKwabena,ruchitoshniwal1,OrigKwabena,f4 c5 Nf3 Nc6 e3 d6 c3 Bg4 d4 Bxf3 Qxf3 cxd4 exd4 e5 fxe5 dxe5 Bb5 exd4 Bxc6+ bxc6 Qxc6+ Ke7 cxd4 Rc8 Qe4+ Kd6 O-O Nf6 Bf4+ Kd7 Qb7+ Rc7 Bxc7 Qxc7 Qb5+ Qc6 Qd3 Bd6 Nc3 Rb8 Rf2 Bb4 Raf1 Bxc3 bxc3 Ke7 Re2+ Kf8 c4 Rc8 c5 Qd5 Qa6 Qd8 Rd2 Nd7 c6 f6 cxd7 Qxd7 Rfd1 Rd8 h3 Qd6 Qxa7 Qd7 Qa4 Kf7 Qb3+ Qe6 Qf3
236,p2ImLAal,kanishkatn,ruchitoshniwal1,kanishkatn,e4 c5 Nf3 Nc6 d4 cxd4 Nxd4 d6 Nc3 Nf6 Bc4 g6 Be3 Bg7 Qd2 O-O Bh6 Nxd4 Bxg7 Nxc2+ Qxc2 Kxg7 O-O-O a6 a3 b5 Ba2 Bb7 f3 e5 g4 Ne8 h4 Rc8 Kb1 Qf6 Qd3 Qf4 h5 Nf6 hxg6 fxg6 Qxd6 Qxf3 Qe7+ Kh8 Qxb7 Rxc3 bxc3 Qxc3 Qe7 Qc6 Qxf8+ Ng8 Qxg8#
237,5n1xAhkY,ruchitoshniwal1,bartek9865,bartek9865,d4 b6 Nf3 Bb7 Bf4 d5 e3 e6 c4 c5 Bd3 cxd4 exd4 Nf6 cxd5 Bb4+ Nc3 Bxc3+ bxc3 Bxd5 O-O Nc6 Be2 O-O Ne5 Nxe5 Bxe5 Ne4 Qc2 Qg5 Bg3 Nxg3 fxg3 Rac8 Bd3 Qe3+ Kh1 g6 Rfe1 Qg5 Re5 Qg4 Rf1 Qh3 Rf2 f6 Re3 e5 Kg1 Qg4 Be2 Qg5 Rd3 Bc4 Re3 Bd5 Rd3 e4 Rd1 e3 Rf3 Bxf3 Rf1 Bxe2 Qxe2 Rxc3 Qxe3 Rxe3 h3 Qd5 Kh2 Qxd4 Rg1 Qd3 g4 Rg3 h4 Qd6 Kh1 Rxg4 g3 Rxh4+ Kg2 Rg4 Kf1 Qd1+ Kf2 Re8
238,Mo5hd4D7,CsiszaBa,ruchitoshniwal1,CsiszaBa,e4 c5 Nf3 Nc6 d4 d6 dxc5 dxc5 Qxd8+ Nxd8 Nc3 e6 Bg5 Be7 Bxe7 Nxe7 Bb5+ Ndc6 a3 a6 Bxc6+ Nxc6 O-O O-O Rfe1 b5 Rad1 Bb7 Ne2 Rad8 Ng3 Rxd1 Rxd1 Ne7 Re1 Ng6 Rd1 f5 exf5 exf5 Rd7 Bxf3 gxf3 Re8 Nxf5 Re1+ Kg2 Re5 Ng3 Re7 Rd6 Rf7 Rxa6 Kf8 Ra5 Rc7 Rxb5 Ke7 Rb8 Kd6 Rb5 Kc6 Rb3 Rb7 Rxb7 Kxb7 Ne4 Kc6 Kg3 Kb5 b3 c4 a4+ Kb4 bxc4 Kxc4 a5 Kb5 a6 Kxa6 h3 Kb5 h4 Kc4 c3 Kd3 Kg4 Kc4 Kg5 Kd5 Kf5 Kc4 h5 Kd3 hxg6 hxg6+ Kxg6 Ke2 f4 Kf3 f5 Kxe4 f6 gxf6 Kxf6 Kf3 Kg5 Kxf2 Kf5 Ke3 Ke5
239,bLwkrj8X,ruchitoshniwal1,paerre,paerre,d4 c6 Nf3 d5 Bf4 Nf6 e3 Bf5 c3 e6 Bd3 Bg6 Bxg6 hxg6 Nbd2 Bd6 Be5 Nbd7 Qb1 Bxe5 Nxe5 Nxe5 dxe5 Qc7 exf6 gxf6 g3 O-O-O f4 e5 Qd3 exf4 gxf4 Rh3 O-O-O Re8 Rde1 Qxf4 Rhg1 Rexe3 Qf1 Qh6 Rxe3 Rxe3 Qxf6 Qxh2 Qf1 Re2 Qd1 Rxd2 Qxd2 Qxg1+ Qd1 Qxd1+ Kxd1 f5 Ke2 g5 Kf2 g4 Kg3 Kd7 Kf4 Kd6 Kg3 Kc5 Kg2 Kc4 Kf2 Kd3 Kg3 Kc2 Kf4 Kxb2 Kg3 Kxa2 Kf4 Kb3
240,VkIb1Ffj,ruchitoshniwal1,AmmarMao_C17,ruchitoshniwal1,e4 d5 exd5 Qxd5 Nc3 Qe6+ Be2 Nc6 Nf3 Bd7 O-O O-O-O b3 a6 Bc4 Qg6 Nh4 Qh5 Qxh5 Nf6 Qf3 Bg4 Qe3 e5 h3 Be6 Bxe6+ fxe6 Nf3 Nd5 Qe1 Nd4 Qxe5 Nxf3+ Kh1 Nxe5 d4 Ng6 Nxd5 Rxd5 c3 e5 c4 Rxd4 Re1 Bd6 Bb2 e4 Bxd4 Re8 Bxg7 Be5 Bxe5 Nxe5 Rxe4 b5 cxb5 axb5 a4 c6 a5 Kb7 a6+ Kb6 a7 Kb7 a8=Q+ Rxa8 Rxa8 Kxa8 Rxe5 Kb7 f4 Kb6 f5 c5 f6 c4 bxc4 bxc4 f7 c3 f8=Q c2 Qf6+ Kb7 Re7+ Kc8 Qf8#
241,AksCNXYe,AlphaD,ruchitoshniwal1,AlphaD,e4 e5 Nc3 Nf6 Nf3 Nc6 d4 d6 dxe5 Ng4 exd6 Bxd6 h3 Nf6 e5 Nxe5 Nxe5 Bxe5 Qxd8+ Kxd8 Bc4 Rf8 O-O Bd7 Re1 Bd6 Nd5 Nxd5 Bxd5 c6 Bf3 Kc7 a4 Rfe8 Rxe8 Rxe8 Be3 b6 a5 Be5 axb6+ axb6 Ra7+ Kb8 Rxd7 Bxb2 Bxc6 Rf8 Bf4+ Kc8 Bb7+ Kxd7 Be4 g6 Bh6 Re8 Bf3 Re1+ Kh2 Be5+ g3 Rf1 Be3 b5 Be2 Rb1 Bd3 b4 c3 b3 Bxb1 Bxc3 h4 b2 Kh3 Kc6 Kg4 Kd5 h5 f6 hxg6 hxg6 Bxg6 Kc4 Bb1 Kb3 f4 Ka3 Kf5 Kb3 g4 Be1 g5 fxg5 fxg5 Bc3 Bf4 Kc4 Be5 Bd2 g6 Bc3 Bxc3 Kxc3 g7 Kd2 g8=Q Kc1 Qg1+ Kd2 Ke4 Ke2 Bd3+ Kd2 Qb1 Kc3 Kd5 Kb3 Bc4+ Ka3 Qa2+ Kb4 Qxb2+ Ka4 Qb5+ Ka3 Qb3#
242,1q491FSM,ruchitoshniwal1,Kartas-2,Kartas-2,d4 c5 Nf3 cxd4 Nxd4 d5 Nc3 e5 Nf3 d4 Ne4 Nc6 e3 Bb4+ Bd2 dxe3 fxe3 Be7 Bb5 Qc7 Bxc6+ bxc6 O-O Nf6 Bc3 Nxe4 Nxe5 O-O Qf3 Nxc3 Nxc6 Bf6 bxc3 Bb7 Nd4 Bxf3 Nxf3 Bxc3 Rad1 Rad8 Rd3 Rxd3 cxd3 Re8 e4 f6 d4 Rxe4 d5 Qc5+ Kh1 Qxd5 h3 Re3 Kh2 Re2 Nh4 Be5+ Kh1 Qe4 Kg1 Qxh4 Rf3 Re1+ Rf1 Bd4+ Kh2 Rxf1 g3 Be5
243,9pNbyR5U,mataro_chess,ruchitoshniwal1,ruchitoshniwal1,d4 d5 c4 Nf6 Nc3 e6 Bg5 Bb4 e3 O-O Qb3 Be7 Nf3 Nc6 Bxf6 Bxf6 cxd5 exd5 Qxd5 Be6 Qxd8 Raxd8 O-O-O Ne7 Bd3 g6 Rhe1 Bg7 h3 Bf5 Bxf5 Nxf5 Rd2 Nxd4 exd4 Bh6 Kc2 Bxd2 Kxd2 Rd7 Ne5 Re7 Kc2 Rfe8 Re3 f6 Ng4 Rxe3 fxe3 f5 Nf6+ Kf7 Nxe8 Ke7 e4 Kxe8 exf5 gxf5 d5 Kd7 Kd3 Kd6 Ke3 Ke5 Kf3 h5 g3 b6 b4 a5 bxa5 bxa5 Nb5 a4 Nxc7 Kd6 Nb5+ Kxd5 Nc3+ Kc4 Nxa4 Kb4 Nb6 Ka3 Nd7 Kxa2 Kf4 Kb3 Kxf5 Kc4 Kg5 Kd5 Kxh5 Kd6 g4 Kxd7 g5 Ke7 g6 Kf8 Kh6 Kg8 g7 Kf7 Kh7 Kf6 g8=Q Kf5
244,6YBRKcBS,ruchitoshniwal1,warchess1,ruchitoshniwal1,d4 e6 Nf3 d5 Bf4 Nf6 e3 Bd6 c4 Bxf4 exf4 Qd6 Ne5 Nc6 Nc3 O-O Bd3 dxc4 Bxc4 Nxd4 O-O c5 f3 b6 Rf2 Bb7 Rd2 Qe7 Ne2 Nxe2+ Rxe2 Rfd8 Qc2 Rd4 Rd1 Rxf4 Nd3 Rd4 a3 Rad8 Red2 Nd5 Bxd5 R8xd5 b4 Rg5 bxc5 Bxf3 Rf1 Be4 Qc3 Rdd5 Re1 Bxg2 Rxg2 Rxg2+ Kxg2 Qg5+ Kf1 h6 Re2 Qf5+ Ke1 Rxc5 Nf2 Rxc3 Nd1 Qb1 Rb2 Re3+ Re2 Qd3 Rxe3 Qd4 Nf2 Qb4+ Kf1
245,pO5Gs9Hk,IronStone01,ruchitoshniwal1,ruchitoshniwal1,e4 e5 d3 Nc6 Nc3 Bc5 Be3 d6 Nf3 Bb6 Qe2 Be6 g3 Bxe3 fxe3 f5 Bg2 Nf6 Nd2 fxe4 dxe4 d5 exd5 Nxd5 Qh5+ g6 Qh6 Nxc3 bxc3 Qe7 Rf1 O-O-O Rb1 Qd6 Rb2 Qxd2#
246,I1mvnfLl,karl-schopp,ruchitoshniwal1,ruchitoshniwal1,d4 d5 c4 Nf6 Nc3 e6 e3 c5 Nf3 Bd6 a3 O-O Be2 Bd7 O-O Nc6 cxd5 exd5 dxc5 Bxc5 Na4 Bb6 Nc3 Be6 Nd4 Bxd4 exd4 Bf5 Bg5 Qd6 Bxf6 Qxf6 Bf3 Qxd4 Qb3 Qc4 Qxb7 Rab8 Qc7 Rfc8 Qg3 d4 Nd5 Bg6 Rac1 Qb5 b4 Rd8 Rfd1 Rxd5 Bxd5 Qxd5 Rc5 Qd6 Qxd6 h6 Rxc6 Re8 Rf1 Re6 Qd8+ Kh7 Rxe6 fxe6 Qe7 d3 Qxe6 d2 Qc6 Bf7 Qe4+ g6 Qd3 Kg7 Qxd2 Kg8 Re1 Kf8
247,vm9ABjD9,ruchitoshniwal1,Masoudagn,ruchitoshniwal1,d4 e6 Nf3 d5 Bf4 Nc6 e3 Nf6 c4 Ne4 Nc3 Bb4 Qb3 Bxc3+ bxc3 O-O Be2 g5 Bg3 h5 h4 g4 Nh2 Nxg3 fxg3 Qf6 Rf1 Qg6 Qb1 dxc4 Qxg6+ fxg6 Rxf8+ Kxf8 Bxc4 Ke7 O-O-O Bd7 Rf1 Rf8 Rxf8 Kxf8 d5 Kf7 dxe6+ Bxe6 Bxe6+ Kxe6 Kd2 Ke5 Kd3 Na5 Nf1 c5 c4 b6 Kc3 Ke4 a3 Nc6 Kd2 Ne5 Kc3 Nd3 Kd2 Nb2 Kc3 Nd1+ Kd2 Nf2 Kc2 Nh1 Kb3 Nxg3 Nxg3+ Kxe3 Nf1+ Kf2 Nh2 Kxg2 Nxg4
248,kDJgN16J,ANONYMOUS,ruchitoshniwal1,ruchitoshniwal1,e3 e5 e4 Nf6 Bd3 d6 c3 Be7 Na3 O-O Nf3 Nc6 O-O Be6 Rb1 Bxa2 Ra1 Be6 Bc4 Bxc4 Nxc4 Nxe4 Qe1 d5 Ncxe5 Nxe5 Nxe5 Bd6 f3 Bxe5 fxe4 Qg5 exd5 Rfe8 d3 Qh5 g4 Qxh2#
249,6Seb2ysX,ANONYMOUS,ruchitoshniwal1,ruchitoshniwal1,e4 e5 Qh5 Nc6 f4 exf4 Qf3 Bd6
250,ewrrLKFJ,ruchitoshniwal1,uditvora,ruchitoshniwal1,e4 e5 Nf3 Nc6 Bc4 Bc5 O-O Nf6 d3 d5 exd5 O-O dxc6 bxc6 Nc3 Qe7 d4 exd4 Nxd4 Bxd4 Qxd4 c5 Qd3 Nh5 h3 g5 Nd5 Nf4 Nxf4 Rd8 Qg3 h6 Nh5 Be6 Bxe6 fxe6 b3 a5 Bb2 c6 Nf6+ Kf7 Qf3 Rd7 Nd5+ Ke8 Nxe7 Kxe7 Qf6+ Kd6 Rfe1 Kd5 Qxe6#
251,LCGFURgr,ruchitoshniwal1,uditvora,ruchitoshniwal1,e4 e6 Nf3 d5 exd5 Ne7 Bd3 Nxd5 O-O e5 Nxe5 Nc6 Nxc6 bxc6 Re1+ Be7 Nc3 g5 Nxd5 cxd5 Qf3 c6 Qh5 a5 c4 Be6 Rxe6 a4 cxd5 Rf8 dxc6 h6 c7 Qxc7 Bb5+ Kd8 Re4 f5 Rc4 Qb7 Qf3 Qxf3 gxf3 g4 fxg4 fxg4 d4 Rf5 Bxh6 Ra5 Bc6 Rab5 Bxb5 Rxb5 Re1 Bf6 Rc6 Bxd4 Rd1 g3 Rxd4+ Rd5 Rxd5+ Ke8 Re6+ Kf7 Rdd6 Kg8 Re7 Kh8 Rd8#
252,T0bw1AIK,uditvora,ruchitoshniwal1,ruchitoshniwal1,e4 e5 f4 Nc6 g3 exf4 gxf4 Qf6 d4 Nxd4 Bc4 Bc5 Nf3 d6 O-O Bd7 Kh1 Nh6 Qd2 Nxf3 Rxf3 O-O-O b3 Rde8 Rg3 Rxe4 Nc3 Rxf4 Bb2 Rf5 Rb1 Rf2 Nd5 Qf5 Qc3 Qh5 Rh3 Bxh3 Qg3 Bg2+ Kg1 Rf1+ Kxg2 Rf2+ Kg1 Rf3+ Kg2 Rxg3+ Kxg3 Re8 Rf1 f5 Bc1 Qg6+ Bg5 Qxg5+ Kh3 c6 Rg1 Qh5+ Kg2 cxd5 Bxd5 Re2+ Kh1 Bxg1 Kxg1 Qg5+ Kh1 Qc1#
253,IpBvvC4i,ruchitoshniwal1,uditvora,ruchitoshniwal1,e4 e5 Nf3 Nc6 Bc4 g5 O-O Nf6 Nxg5 d5 exd5 b5 Bb3 a6 Re1 Bb7 dxc6 Qe7 cxb7 Rb8 d3 Rd8 Nc3 Ng4 Qxg4 h5 Qf3 c5 Qc6+ Rd7 Bxf7+ Kd8 b8=Q#
254,6lbchDGa,ANONYMOUS,ruchitoshniwal1,ruchitoshniwal1,e4 e5 f3 Nf6 Qe2 Bc5 Qb5 O-O Qxd7 Nc6 Qxd8 Rxd8 b3 Bd4 Bb2 Bxb2 Ba6 Bxa1 Bf1 Nb4 Na3 Bb2 Nb1 Nxc2+ Ke2 Nd4+ Kf2 Rd6 Kg3 a6 Kh4 b5 Kg5 Bd7 Kh4 Rb8 f4 exf4 d3 Nc2 d4 Nxd4 e5 Rc6 exf6 Rxf6 h3 a5 Bxb5 Rxb5 g4 Rh6#
255,6FV1J0dz,ruchitoshniwal1,uditvora,uditvora,e4 e5 Nf3 Nc6 Bc4 f5 exf5 Nce7 Nxe5 d6 Nf7 Qd7 Nxh8 Ng6 Bf7+ Kd8 fxg6 Nh6 O-O b6 d3 c5 Bxh6 gxh6 gxh7 Bb7 Ng6 Bg7 Bc4 d5 Bb3 Bc6 c3 a5 Na3 h5 c4 a4 Bc2 d4 b3 b5 cxb5 Bb7 Rb1 Qd5 Qe1 Qxg2#
256,K184wDPd,ruchitoshniwal1,uditvora,ruchitoshniwal1,e4 e5 Nf3 Bc5 Bc4 Ne7 Nxe5 d6 Nxf7 Rf8 Ng5 Qd7 Qh5+ Rf7 Qxf7+ Kd8 Qxg7 Nbc6 O-O Na5 d3 Nxc4 dxc4 d5 cxd5 b6 Bd2 Ba6 Re1 Rb8 Nc3 Bc4 b3 a5 a4 Ba6 Ne6+ Ke8 Qh8+ Kf7 Qxh7+ Ke8 Qh8+ Kf7 Qg7+ Ke8 Bh6 Nf5 Qf8+ Bxf8 Nxf8 Qf7 exf5+ Kd8 Ne6+ Ke8 Ng5+ Kd8 Nxf7+ Kd7 Ne5+ Kd6 Bf8+ Rxf8 g4 Rc8 g5 Rf8 f6 Bb5 f7 c6 dxc6 Rc8 g6 Ke6 g7 Rf8 gxf8=Q Bxa4 Ng6+ Kf6 Qe7+ Kxg6 Re5 b5 Qe6+ Kh7 Rg5 Kh8 Qh6#
257,GYURSc8t,ruchitoshniwal1,uditvora,ruchitoshniwal1,e4 d6 Nf3 Bg4 Bc4 Qd7 h3 f6 hxg4 h5 gxh5 Rxh5 Rxh5 Nh6 d3 Qc6 Be3 b6 Bxh6 gxh6 Nc3 Bg7 Bb5 a6 Bxc6+ Kd8 Qe2 e5 O-O-O Nxc6 d4 Ne7 dxe5 fxe5 Nh4
258,NH0j0W25,uditvora,ruchitoshniwal1,ruchitoshniwal1,e3 e5 Qf3 Nf6 e4 Bc5 d4 exd4 c3 dxc3 bxc3 Qe7 Nh3 Nxe4 Nf4 Ng5+ Qe2 Qxe2+ Kxe2 d6 Be3 Bxe3 fxe3 Nc6 a4 Bg4+ Kd3 O-O Na3 Ne5+ Kd2 Ne4+ Ke1 Rad8 Nc2 Nxc3 Bb5 a6 Be2 Bxe2 Kd2 Ne4+ Kxe2 Nc3+ Kf1 d5 Nd4 c5 Nc6 bxc6 Rc1 d4 Re1 d3 Rc1 d2 Rxc3 d1=Q+ Kf2 Qd2+ Kg3 Qxc3 Rc1 Qxe3+ Kh4 Qxf4+ Kh5 g6#
259,F4zgCERq,ruchitoshniwal1,uditvora,ruchitoshniwal1,e4 e6 Nf3 Nf6 d3 Nc6 Be2 b6 g3 Ba6 O-O Qe7 Be3 O-O-O Nc3 Ne5 d4 Nxf3+ Bxf3 Nd5 exd5 exd5 Be2 c6 Bxa6+ Kb8 Bf4+ Ka8 Qe2 Qxe2 Nxe2 Re8 Nc3 Bb4 Rfe1 c5 Nxd5 Rxe1+ Rxe1 Re8 Rxe8#
260,MHaiRj1A,uditvora,ruchitoshniwal1,ruchitoshniwal1,e3 e5 Qg4 Qf6 Be2 d6 Qg3 Nh6 Qh3 Bxh3 gxh3 Be7 Bg4 Nxg4 hxg4 O-O Nh3 Qf3 O-O Qxh3 Kh1 e4 Rg1 d5 Rg3 Qf1+ Rg1 Qxf2 Rf1 Qxf1#
261,Ux0BdScl,ruchitoshniwal1,uditvora,ruchitoshniwal1,e4 e6 Nf3 Bc5 Bc4 b6 O-O Ne7 d3 O-O Nc3 Nec6 Bg5 Qxg5 Nxg5 f6 Nf3 g5 d4 g4 dxc5 gxf3 Qxf3 Rf7 Qg3+ Kh8 Qxc7 Rf8 e5 fxe5 Bd3 bxc5 Na4 d6 Qxh7#
262,nouMJTjf,uditvora,ruchitoshniwal1,ruchitoshniwal1,e3 e5 Qg4 Nf6 Qf3 Bc5 Nc3 d6 Nge2 Bg4 Ng3 Bxf3 gxf3 O-O Na4 Nc6
263,4IMLzZ67,ruchitoshniwal1,uditvora,ruchitoshniwal1,e4 e6 Nf3 Bd6 d3 Nf6 Nc3 Nc6 Be3 O-O g3 Nh5 Bg2 Nf6 O-O b6 d4 Ba6 Re1 Qe7 e5 Bxe5 dxe5 Nxe5 Nxe5 Rae8 Nf3 d5 Qd2 c5 Na4 e5 Bg5 h6 Bxf6 gxf6 Qxd5 Rd8 Qe4 Qd6 Qh4 h5 Qxh5 e4 Rxe4 Qb8 Rg4#
264,a8gMVOph,ANONYMOUS,ruchitoshniwal1,ruchitoshniwal1,c4 e5 c5 Bxc5 g4 Nf6 h3 Nc6 Nf3 O-O Nxe5 Nxe5 b3 Ne4 Ba3 Bxa3 Nxa3 Qe8 Rc1 c6 Bg2 Nf6 Rg1 h6 Nc4 Nxc4 Rxc4 b5 Rc5 Qe7 Rc1 Ba6 Qc2 b4 Qd3 Rab8 Bf3 Rfe8 Qh7+ Kxh7 Rg3 Nd5 a4
265,aq51Z3Ve,ANONYMOUS,ruchitoshniwal1,ruchitoshniwal1,c4 e5 Qb3 Bc5 d3 Nf6 e4 O-O f3 d6 Nd2 Nc6 Qc2 Be6 h3 Nh5 Ne2 Qh4+ Kd1 Ng3 Nxg3 Qxg3 Be2 Nd4 Qb1 Nxe2 Qc2 Qxg2 b3 Qxh1+ Nf1 Qxf1+ Kd2 Qf2 Rb1 Be3+ Kd1 Qf1#
266,fgiyB09s,ANONYMOUS,ruchitoshniwal1,ruchitoshniwal1,c3 e5 Qc2 Bc5 f3 Nf6 a3 O-O d3 d6 Be3 Bxe3 Nd2 Bxd2+ Qxd2 Nh5 O-O-O Nc6 Nh3 Re8 Qe3 d5 g3 d4 Nf4 dxe3 Nxh5 Be6 g4 Qd5 Bh3 Qa2 Kc2 Bb3+ Kc1 Qa1#
267,8CHaBJJ6,ruchitoshniwal1,ANONYMOUS,ruchitoshniwal1,e4 g6 Nf3 Bh6 Bc4 Nf6 O-O O-O d3 Bxc1 Qxc1 d6 Nc3 Be6 Bxe6 fxe6 e5 dxe5 Nxe5 Qd6 Re1 Nc6 Nxc6 bxc6 h3 Rf7 Qd2 Rc8 Re3 h6 Rae1 Rcf8 Rxe6 Qd5 Nxd5 cxd5 Rxe7 Rxe7 Rxe7 Rd8 Qxh6 g5 Qg7#
268,dh01uScC,ANONYMOUS,ruchitoshniwal1,ruchitoshniwal1,c3 e5 Qb3 Bc5 e3 Nf6 Be2 O-O Nf3 d6 O-O Be6 Qc2 Nc6 Qd1 h6 Bd3 Re8 Qe1 e4 Bb5 exf3 Bxc6 bxc6 gxf3 Nh5 Qd1 Qg5+ Kh1 Bh3 Rg1 Qf6 a3 Qh4 Qe2 Nf4 Qe1 Ng2 Rxg2 Bxg2+ Kg1 Bh3 Kh1 d5 e4 Bd6 b3 Bg2+ Kxg2 Qxh2+ Kf1 Qh1+ Ke2 Qg2 c4 dxe4 fxe4 Rxe4+ Kd1 Rxe1+ Kxe1 Re8+ Kd1 Qf1+
269,JfMw9W8Y,ANONYMOUS,ruchitoshniwal1,ruchitoshniwal1,c4 e5 Qa4 Bc5 b3 Nf6 g4 Nxg4 h3 Nxf2 Rh2 Qf6 Rxf2 Qxf2+ Kd1 O-O Nf3 Qxf1+ Kc2 d6 Bb2 Bf5+ Kc3 Bd4+ Kb4 Nc6+ Ka3 Bc5+ b4 Bxb4+ Kb3 Qd1#
270,JZgsAT78,ANONYMOUS,ruchitoshniwal1,ruchitoshniwal1,d4 d5 Bf4 Bf5 Qc1 e6 Qe3 Nf6 Qd2 Be7 Na3 O-O O-O-O Bxa3 bxa3 Qe7 Qb4 Qd7
271,dVXweba0,ruchitoshniwal1,ANONYMOUS,ruchitoshniwal1,e4 e5 Nf3 Bc5 d3 f6 Be2 d6 O-O Qe7 Nc3 Bd4 Nxd4 exd4 Nd5 Qe5 Bh5+ Kd8 Qf3 Bf5 exf5 Qe6 Re1 g6 Rxe6 Kc8 Bxg6 Nc6 Re8+ Kd7 Qe4 Nge7 Qe6#
272,6Vq6sbFv,ANONYMOUS,ruchitoshniwal1,ruchitoshniwal1,b4 e5 Bb2 Nc6 Bc3 Nf6 Qc1 g6 Qa3 Bg7 Qa4 O-O Nh3 a6 g3 b5 Bg2 Bb7 Qxb5 axb5 O-O Nd4 Bxd4 exd4 e3 Bxg2 Kxg2 dxe3 Kh1 exf2 Rxf2 Qe7 Re2 Qxe2 Ng1 Qe3 dxe3 Ne4 c3 Nf2+ Kg2 Nd3 Kh1 Rfe8 h3 Rxe3 g4 Nf2+ Kh2 Be5+ Kg2 Nd3 Kh1 Re2 Nxe2 Nf2+ Kg1 Nxh3+ Kg2 Ng5 Kf2 Re8 Ke1 Bg3+ Kd1 Bf2 Kc1 Rxe2 Kd1 Re1+ Kc2 Ne4 Nd2 Nxd2 Kxd2 Rxa1 Ke2 Bg1
273,ggbYKn39,ANONYMOUS,ruchitoshniwal1,ANONYMOUS,d4 f6 e4 g5 Qh5#
274,6jA9Lfvp,ruchitoshniwal1,ANONYMOUS,ANONYMOUS,e4 e5 Bc4 Bc5 Nc3 Qh4 d3 Qxf2#
275,eJFdYiRv,ANONYMOUS,ruchitoshniwal1,ruchitoshniwal1,c4 e5 Qa4 Nc6 Qb5 a6 Qb4 d6 Nc3 Qf6 Qb3 Nd4 Qa3 Nc2+ Kd1 Nxa3 bxa3 Bf5 Ke1 d5 Nd1 dxc4 a4 c5 a5 b5 axb6 Qxb6 a4 Nf6 a5 Qb5 Ra3 Nd5 Nf3 Nb4 Rb3 Nc2#
276,UQyLLJmb,ruchitoshniwal1,ANONYMOUS,ANONYMOUS,e4 d5 exd5 Qxd5 Nf3 Qe4+ Be2 Qe5 O-O Qd6 Nc3 Qd7 Bc4 Nc6 Ng5 a6 Bxf7+ Kd8 Re1 Rb8 Ne6+ Qxe6 Bxe6 Bxe6 Rxe6 Nf6 Qf3 Ke8 Nd5 g6 Nxf6+ Kf7 Re4
277,pTsypag5,ruchitoshniwal1,ANONYMOUS,ruchitoshniwal1,e4 e5 Nf3 Bc5 Bc4 Bb4 Nxe5 Qe7 Qh5 Qc5 O-O Qxc4 d3 Qd4 Qxf7+ Kd8 Qf8+ Bxf8 Nf7+ Ke8 Nxh8 Kd8 Bg5+ Ke8 Re1 Qe5 Bh4 Be7 d4 Qxe4 Rxe4 Kd8 Nf7+ Ke8 Nd6+ Kd8 Nc4 Bxh4 Rxh4 d5 Ne5 g5 Rxh7 g4 Nc3 Bf5 Rh8 Be6 Re1 Nd7 Nxd7 Kxd7 Rh7+ Kc8 Rxe6 Kd8 Nxd5 Ne7 Rexe7 Kc8 Re8#
278,udCetnJ4,ruchitoshniwal1,ANONYMOUS,ANONYMOUS,e4 e5 Bc4 Bc5 Nc3 Qh4 Nf3 Qxf2#
279,KCZRoo6q,ruchitoshniwal1,ANONYMOUS,ruchitoshniwal1,e4 d5 Nf3 dxe4 Ng5 h6 Nxe4 e5 Bc4 Qd6 O-O Qe6 d3 Qf5 Nbc3 Bc5 Nxc5 Ne7 d4 O-O dxe5 Be6 Nxe6 fxe6 Bd3 Qxe5 Qg4 Qf5 Bxf5 exf5 Qc4+ Kh7 Re1 Ng6 Nd5 Rh8 Nxc7 f4 Ne6 f3 Qd4 fxg2 Qxg7#
280,7hLODIeJ,ruchitoshniwal1,ritutoshniwal,ritutoshniwal,e4 c5 Nf3 d6 Bc4 Nc6 d3 Nf6 O-O Bd7 Bg5
